gene	module	kME	trait_cor
XM_067121597.1	M17	-0.5581	NA
JP351676.1	M17	-0.448	NA
JP353821.1	M17	-0.4028	NA
OP136990.1	M17	-0.3577	NA
AB056458.1	M17	-0.3422	NA
XM_067105998.1	M1	-0.5373	NA
XM_067105678.1	M1	-0.5345	NA
XM_067129329.1	M1	-0.5331	NA
EL695513.1	M1	-0.529	NA
XM_067109715.1	M1	0.5277	NA
JP353022.1	M1	-0.5236	NA
XM_067116777.1	M1	-0.5196	NA
JP353849.1	M1	-0.5185	NA
JP352991.1	M1	-0.5128	NA
XM_067104822.1	M1	-0.5056	NA
XM_067115469.1	M1	-0.5001	NA
XM_067098946.1	M1	-0.5	NA
XM_067091224.1	M1	-0.497	NA
XM_067123899.1	M1	-0.4957	NA
XM_067105259.1	M1	-0.4924	NA
JP354025.1	M1	-0.4923	NA
XM_067116646.1	M1	-0.4889	NA
GH625922.1	M1	-0.4861	NA
GH625019.1	M1	-0.4859	NA
XM_067133161.1	M1	-0.4852	NA
XM_067082913.1	M1	-0.4846	NA
JP353483.1	M1	-0.4815	NA
XM_067118354.1	M1	-0.4805	NA
XM_067129582.1	M1	-0.4783	NA
XM_067124610.1	M1	-0.4777	NA
JP353905.1	M1	-0.476	NA
XM_067087852.1	M1	-0.4749	NA
XM_067134112.1	M1	-0.4722	NA
JP355289.1	M1	-0.4716	NA
XM_067104450.1	M1	-0.4708	NA
XM_067117989.1	M1	-0.4707	NA
XM_067112746.1	M1	-0.4694	NA
XM_067110567.1	M1	-0.4676	NA
XM_067097725.1	M1	-0.4649	NA
GH625857.1	M1	-0.4645	NA
XM_067123035.1	M1	-0.4641	NA
XM_067125903.1	M1	-0.4636	NA
XM_067108989.1	M1	-0.4624	NA
XM_067118767.1	M1	-0.4621	NA
HF934955.1	M1	-0.4601	NA
XM_067097844.1	M1	-0.4587	NA
XM_067104937.1	M1	-0.4587	NA
XM_067123453.1	M1	-0.4559	NA
XM_067097506.1	M1	-0.4556	NA
XM_067100597.1	M1	-0.4555	NA
JP353102.1	M1	-0.455	NA
EL609715.1	M1	-0.4549	NA
XM_067093137.1	M1	-0.4545	NA
XM_067093913.1	M1	0.4533	NA
EL696538.1	M1	0.4525	NA
XM_067117121.1	M1	-0.4517	NA
JK502159.1	M1	-0.4516	NA
XM_067126400.1	M1	-0.4508	NA
XM_067082462.1	M1	-0.4505	NA
XM_067104772.1	M1	-0.4492	NA
XM_067090995.1	M1	-0.4487	NA
XM_067126750.1	M1	-0.4486	NA
JP354751.1	M1	-0.4479	NA
XM_067094808.1	M1	-0.4469	NA
XM_067132874.1	M1	-0.4466	NA
XM_067106955.1	M1	-0.4466	NA
XM_067116788.1	M1	-0.4462	NA
XM_067120288.1	M1	-0.4461	NA
XM_067097865.1	M1	-0.4457	NA
JP354343.1	M1	-0.445	NA
XM_067103965.1	M1	-0.4447	NA
XM_067104096.1	M1	-0.4446	NA
XM_067106350.1	M1	-0.4443	NA
JP355089.1	M1	-0.4443	NA
XM_067092250.1	M1	-0.4434	NA
EL609453.1	M1	-0.4434	NA
JP352993.1	M1	-0.4403	NA
XM_067083330.1	M1	-0.44	NA
XM_067110494.1	M1	-0.4398	NA
XM_067114493.1	M1	-0.4391	NA
XM_067093358.1	M1	-0.439	NA
XM_067112147.1	M1	-0.4386	NA
EL609490.1	M1	-0.4385	NA
XM_067118472.1	M1	-0.4381	NA
XM_067112273.1	M1	-0.4377	NA
XM_067122681.1	M1	-0.4362	NA
XM_067127150.1	M1	-0.4362	NA
XM_067112237.1	M1	-0.4355	NA
GH625441.1	M1	-0.435	NA
EL609682.1	M1	-0.4341	NA
XM_067112362.1	M1	-0.4341	NA
XM_067101045.1	M1	-0.434	NA
XM_067129181.1	M1	-0.434	NA
XM_067101382.1	M1	-0.4333	NA
XM_067123814.1	M1	-0.4333	NA
XM_067127870.1	M1	-0.4331	NA
XM_067081795.1	M1	-0.433	NA
JP353258.1	M1	-0.4326	NA
XM_067131464.1	M1	-0.4326	NA
XM_067096278.1	M1	-0.4324	NA
XM_067112668.1	M1	-0.4319	NA
XM_067096844.1	M1	-0.4317	NA
XM_067100006.1	M1	-0.4312	NA
XM_067112488.1	M1	-0.431	NA
XM_067096038.1	M1	-0.4304	NA
XM_067092517.1	M1	-0.4303	NA
XM_067122450.1	M1	-0.4302	NA
XM_067081552.1	M1	-0.4293	NA
XM_067113359.1	M1	-0.4288	NA
JP354493.1	M1	-0.4281	NA
GH625233.1	M1	-0.428	NA
JP353203.1	M1	-0.4277	NA
XM_067125261.1	M1	-0.4275	NA
JP354824.1	M1	-0.4274	NA
XM_067123373.1	M1	-0.4268	NA
XM_067087347.1	M1	-0.4265	NA
JP354401.1	M1	-0.4263	NA
XM_067100048.1	M1	-0.4263	NA
XM_067091880.1	M1	-0.4261	NA
JP355663.1	M1	-0.4259	NA
XM_067123868.1	M1	-0.4256	NA
XM_067109078.1	M1	-0.4256	NA
XM_067101535.1	M1	-0.4254	NA
XM_067098503.1	M1	-0.4253	NA
XM_067104981.1	M1	0.425	NA
JP354026.1	M1	-0.4248	NA
XM_067123823.1	M1	-0.4246	NA
XM_067117385.1	M1	-0.4243	NA
XM_067108008.1	M1	-0.4243	NA
EL696302.1	M1	-0.4242	NA
XM_067127301.1	M1	-0.4236	NA
XM_067112543.1	M1	-0.4234	NA
JP354701.1	M1	0.4234	NA
XM_067127217.1	M1	-0.4232	NA
XM_067131841.1	M1	-0.4232	NA
XM_067114492.1	M1	-0.4231	NA
JP354276.1	M1	-0.4231	NA
XM_067121502.1	M1	-0.423	NA
JP355259.1	M1	-0.4224	NA
XM_067089472.1	M1	-0.4224	NA
XM_067089667.1	M1	-0.4224	NA
XM_067127036.1	M1	-0.4223	NA
XM_067132491.1	M1	-0.422	NA
XM_067086601.1	M1	-0.4217	NA
XM_067109019.1	M1	-0.4217	NA
GH625912.1	M1	-0.4216	NA
XM_067104496.1	M1	-0.4213	NA
JP354206.1	M1	-0.4213	NA
XM_067113178.1	M1	-0.4209	NA
XM_067109850.1	M1	-0.4209	NA
JP353810.1	M1	-0.4207	NA
XM_067118291.1	M1	-0.4206	NA
XM_067112943.1	M1	-0.4206	NA
XM_067124660.1	M1	-0.4201	NA
XM_067130773.1	M1	-0.4195	NA
XM_067113453.1	M1	-0.4194	NA
XM_067094689.1	M1	-0.4193	NA
XM_067120410.1	M1	-0.4193	NA
KX100579.1	M1	-0.4193	NA
XM_067100410.1	M1	-0.4192	NA
JP354359.1	M1	-0.4191	NA
XM_067083277.1	M1	-0.4191	NA
XM_067097592.1	M1	-0.4189	NA
XM_067100586.1	M1	-0.4188	NA
XM_067081400.1	M1	-0.4187	NA
XM_067081494.1	M1	-0.4186	NA
XM_067102977.1	M1	-0.4186	NA
JP355134.1	M1	-0.4186	NA
XM_067134264.1	M1	-0.4182	NA
XM_067132552.1	M1	-0.4179	NA
XM_067084515.1	M1	-0.4175	NA
XM_067105758.1	M1	-0.4175	NA
XM_067097995.1	M1	-0.4174	NA
XM_067121487.1	M1	-0.4172	NA
XM_067106375.1	M1	-0.4172	NA
XM_067131108.1	M1	-0.4172	NA
XM_067108428.1	M1	-0.417	NA
XM_067133698.1	M1	-0.4169	NA
XM_067103691.1	M1	-0.4169	NA
JP355382.1	M1	-0.4167	NA
XM_067117718.1	M1	-0.4166	NA
XM_067096593.1	M1	-0.4163	NA
XM_067083838.1	M1	-0.4163	NA
XM_067116564.1	M1	-0.4162	NA
XM_067105297.1	M1	-0.4152	NA
XM_067115025.1	M1	-0.4151	NA
XM_067089339.1	M1	-0.4149	NA
XM_067114949.1	M1	-0.4148	NA
XM_067094115.1	M1	-0.4143	NA
XM_067103252.1	M1	-0.414	NA
XM_067096079.1	M1	-0.4135	NA
XM_067104338.1	M1	0.4129	NA
XM_067092596.1	M1	-0.4126	NA
XM_067097286.1	M1	-0.4125	NA
XM_067126162.1	M1	-0.4123	NA
XM_067110457.1	M1	-0.4123	NA
XM_067132821.1	M1	-0.412	NA
JP352596.1	M1	-0.412	NA
XM_067126202.1	M1	-0.4119	NA
XM_067119676.1	M1	-0.4117	NA
XM_067103397.1	M1	-0.4116	NA
XM_067096608.1	M1	-0.4108	NA
XM_067128231.1	M1	-0.4105	NA
XM_067099371.1	M1	-0.4103	NA
XM_067126329.1	M1	-0.4102	NA
JP355496.1	M1	-0.4102	NA
XM_067113023.1	M1	-0.41	NA
XM_067130185.1	M1	-0.4097	NA
JP352670.1	M1	-0.4096	NA
JP355722.1	M1	-0.4096	NA
XM_067118878.1	M1	-0.4093	NA
XM_067091274.1	M1	-0.4084	NA
XM_067081129.1	M1	-0.4084	NA
XM_067095831.1	M1	-0.4082	NA
XM_067095131.1	M1	-0.408	NA
XM_067103767.1	M1	-0.4077	NA
XM_067130915.1	M1	-0.4075	NA
EL609994.1	M1	-0.4072	NA
XM_067092991.1	M1	-0.4071	NA
XM_067121164.1	M1	-0.4071	NA
JP354171.1	M1	-0.407	NA
XM_067107643.1	M1	-0.407	NA
XM_067119620.1	M1	-0.4069	NA
XM_067084716.1	M1	-0.4069	NA
XM_067085344.1	M1	-0.4068	NA
XM_067128232.1	M1	-0.4064	NA
EL608997.1	M1	-0.4063	NA
JP352270.1	M1	-0.4061	NA
XM_067115603.1	M1	-0.4056	NA
XM_067113608.1	M1	-0.4054	NA
XM_067085206.1	M1	-0.4051	NA
XM_067091795.1	M1	-0.405	NA
JP353349.1	M1	-0.4048	NA
XM_067118450.1	M1	-0.4047	NA
XM_067085786.1	M1	-0.4042	NA
XM_067114804.1	M1	-0.4041	NA
XM_067123036.1	M1	-0.4035	NA
XM_067104227.1	M1	-0.4034	NA
XM_067113464.1	M1	-0.4033	NA
XM_067120330.1	M1	-0.4032	NA
XM_067086421.1	M1	-0.403	NA
XM_067100115.1	M1	-0.403	NA
XM_067131040.1	M1	-0.4029	NA
XM_067122136.1	M1	-0.4027	NA
JP353089.1	M1	-0.4027	NA
XM_067108597.1	M1	-0.4026	NA
XM_067120697.1	M1	-0.4025	NA
XM_067096908.1	M1	-0.4024	NA
XM_067134282.1	M1	-0.4021	NA
JP353544.1	M1	-0.4021	NA
XM_067124883.1	M1	-0.4021	NA
XM_067122563.1	M1	-0.4019	NA
XM_067102352.1	M1	-0.4018	NA
XM_067107152.1	M1	-0.4016	NA
XM_067098898.1	M1	-0.4011	NA
EL695664.1	M1	-0.401	NA
XM_067106855.1	M1	-0.4008	NA
XM_067088873.1	M1	-0.4006	NA
JP354784.1	M1	-0.4004	NA
XM_067095966.1	M1	-0.3998	NA
JP355465.1	M1	-0.3997	NA
XM_067115979.1	M1	-0.3996	NA
XM_067122285.1	M1	-0.3994	NA
XM_067125606.1	M1	-0.3993	NA
XM_067117823.1	M1	-0.3992	NA
JP353925.1	M1	-0.3991	NA
XM_067113384.1	M1	-0.3991	NA
XM_067100271.1	M1	-0.3989	NA
XM_067134410.1	M1	-0.3987	NA
XM_067126508.1	M1	-0.3981	NA
EL609840.1	M1	-0.398	NA
GH624235.1	M1	-0.3978	NA
XM_067113602.1	M1	-0.3977	NA
XM_067094241.1	M1	-0.3972	NA
XM_067115495.1	M1	-0.3972	NA
XM_067099803.1	M1	-0.3972	NA
JP353318.1	M1	-0.3969	NA
XM_067108619.1	M1	-0.3967	NA
XM_067127198.1	M1	-0.3965	NA
XM_067131953.1	M1	-0.3963	NA
XM_067087131.1	M1	-0.3962	NA
XM_067129274.1	M1	-0.3961	NA
XM_067129940.1	M1	-0.396	NA
JP354159.1	M1	-0.3959	NA
XM_067127035.1	M1	-0.3954	NA
XM_067118807.1	M1	-0.3953	NA
XM_067080977.1	M1	-0.3952	NA
XM_067121400.1	M1	-0.3952	NA
XM_067129648.1	M1	-0.3946	NA
XM_067108236.1	M1	-0.3946	NA
XM_067118730.1	M1	-0.3945	NA
JP351788.1	M1	-0.394	NA
XM_067088151.1	M1	-0.394	NA
JP354726.1	M1	-0.3933	NA
XM_067096654.1	M1	-0.3933	NA
XM_067124101.1	M1	-0.393	NA
JP354862.1	M1	-0.393	NA
XM_067100691.1	M1	-0.393	NA
XM_067111842.1	M1	-0.3928	NA
XM_067130471.1	M1	-0.3928	NA
XM_067091876.1	M1	-0.3923	NA
XM_067113532.1	M1	-0.3922	NA
XM_067124708.1	M1	-0.392	NA
XM_067083434.1	M1	-0.3919	NA
JP353062.1	M1	-0.3918	NA
XM_067090541.1	M1	-0.3918	NA
XM_067098814.1	M1	-0.3917	NA
XM_067098088.1	M1	-0.3917	NA
EL609328.1	M1	-0.3913	NA
XM_067097319.1	M1	-0.3911	NA
XM_067098003.1	M1	-0.391	NA
XM_067126572.1	M1	-0.3909	NA
XM_067116565.1	M1	-0.3908	NA
XM_067129554.1	M1	-0.3904	NA
GH625685.1	M1	-0.3904	NA
XM_067086184.1	M1	-0.3903	NA
XM_067111084.1	M1	-0.3902	NA
XM_067083475.1	M1	-0.3902	NA
XM_067092675.1	M1	-0.3898	NA
JP351859.1	M1	-0.3897	NA
XM_067129419.1	M1	-0.3897	NA
XM_067116246.1	M1	-0.3896	NA
XM_067109282.1	M1	-0.3895	NA
XM_067116335.1	M1	-0.3892	NA
XM_067104850.1	M1	-0.3892	NA
XM_067081122.1	M1	-0.3892	NA
XM_067116521.1	M1	-0.3892	NA
XM_067119331.1	M1	-0.389	NA
XM_067106701.1	M1	-0.3888	NA
XM_067104518.1	M1	-0.3885	NA
XM_067104047.1	M1	-0.3884	NA
XM_067129444.1	M1	-0.3883	NA
XM_067099655.1	M1	-0.3882	NA
JP352095.1	M1	-0.3876	NA
XM_067112955.1	M1	-0.3876	NA
XM_067130177.1	M1	-0.3875	NA
XM_067099243.1	M1	-0.3874	NA
XM_067088228.1	M1	-0.3873	NA
XM_067094352.1	M1	-0.3871	NA
XM_067108594.1	M1	-0.3871	NA
XM_067098817.1	M1	-0.3871	NA
XM_067107756.1	M1	-0.387	NA
XM_067098502.1	M1	-0.387	NA
XM_067120209.1	M1	-0.3867	NA
XM_067115334.1	M1	-0.3865	NA
XM_067121505.1	M1	-0.3864	NA
XM_067126229.1	M1	-0.3864	NA
XM_067126495.1	M1	-0.3859	NA
XM_067133208.1	M1	-0.3859	NA
JK502181.1	M1	-0.3859	NA
XM_067081471.1	M1	-0.3858	NA
XM_067118296.1	M1	-0.3858	NA
XM_067099244.1	M1	-0.3855	NA
XM_067133613.1	M1	-0.3854	NA
GH625294.1	M1	-0.3854	NA
XM_067103643.1	M1	-0.3853	NA
XM_067126023.1	M1	-0.3851	NA
XM_067089189.1	M1	-0.385	NA
XM_067120680.1	M1	-0.3848	NA
XM_067081637.1	M1	-0.3848	NA
XM_067130193.1	M1	-0.3847	NA
JP351625.1	M1	-0.3845	NA
JP351829.1	M1	-0.3843	NA
XM_067130014.1	M1	-0.3841	NA
JP354291.1	M1	-0.3841	NA
XM_067090211.1	M1	-0.3839	NA
XM_067122409.1	M1	-0.3837	NA
XM_067133759.1	M1	-0.3836	NA
XM_067104504.1	M1	-0.3836	NA
XM_067101339.1	M1	-0.3834	NA
XM_067119139.1	M1	-0.3834	NA
XM_067134187.1	M1	-0.3831	NA
XM_067082949.1	M1	-0.3831	NA
XM_067095062.1	M1	-0.3828	NA
EL609391.1	M1	-0.3827	NA
JP354278.1	M1	-0.3826	NA
XM_067122120.1	M1	-0.3826	NA
XM_067108409.1	M1	-0.3826	NA
JP355133.1	M1	-0.3826	NA
JP354564.1	M1	-0.3824	NA
EL695964.1	M1	-0.3818	NA
XM_067126241.1	M1	-0.3818	NA
XM_067110945.1	M1	-0.3815	NA
XM_067107067.1	M1	-0.3815	NA
XM_067122566.1	M1	-0.3813	NA
XM_067107624.1	M1	-0.3813	NA
XM_067114313.1	M1	-0.3812	NA
JP353255.1	M1	-0.3812	NA
JP354110.1	M1	-0.3812	NA
XM_067125451.1	M1	-0.3811	NA
JP355662.1	M1	-0.3811	NA
XM_067119090.1	M1	-0.381	NA
XM_067099615.1	M1	-0.3808	NA
XM_067096649.1	M1	-0.3808	NA
XM_067119140.1	M1	-0.3807	NA
XM_067111497.1	M1	-0.3807	NA
XM_067104002.1	M1	-0.3806	NA
XM_067100269.1	M1	-0.3806	NA
XM_067096027.1	M1	-0.3806	NA
XM_067093153.1	M1	-0.3804	NA
XM_067120287.1	M1	-0.3804	NA
XM_067085613.1	M1	-0.3803	NA
XM_067100869.1	M1	-0.3801	NA
XM_067115885.1	M1	-0.38	NA
XM_067100093.1	M1	-0.3799	NA
XM_067104138.1	M1	-0.3799	NA
XM_067095472.1	M1	-0.3798	NA
XM_067087245.1	M1	-0.3797	NA
XM_067093541.1	M1	-0.3795	NA
XM_067130178.1	M1	-0.3793	NA
JP351871.1	M1	-0.3792	NA
JP354881.1	M1	-0.3792	NA
XM_067095877.1	M1	-0.3791	NA
JP353653.1	M1	-0.3791	NA
XM_067105833.1	M1	-0.379	NA
XM_067097997.1	M1	-0.379	NA
XM_067131681.1	M1	-0.379	NA
XM_067106292.1	M1	-0.3789	NA
XM_067086522.1	M1	-0.3787	NA
JP354957.1	M1	-0.3787	NA
JP354538.1	M1	-0.3787	NA
JP353460.1	M1	-0.3784	NA
XM_067104331.1	M1	-0.3783	NA
XM_067125299.1	M1	-0.3781	NA
XM_067093208.1	M1	-0.378	NA
XM_067119775.1	M1	-0.378	NA
EL695756.1	M1	-0.378	NA
JP353073.1	M1	-0.3779	NA
XM_067115923.1	M1	-0.3779	NA
JP353695.1	M1	-0.3779	NA
JP352287.1	M1	-0.3778	NA
XM_067086686.1	M1	-0.3778	NA
XM_067112206.1	M1	-0.3777	NA
XM_067091930.1	M1	-0.3777	NA
XM_067098636.1	M1	-0.3777	NA
JP352694.1	M1	-0.3776	NA
JP354392.1	M1	-0.3776	NA
XM_067104240.1	M1	-0.3776	NA
XM_067121262.1	M1	-0.3775	NA
XM_067115434.1	M1	-0.3775	NA
XM_067104805.1	M1	-0.3774	NA
XM_067104968.1	M1	-0.3773	NA
XM_067081127.1	M1	-0.3771	NA
XM_067117390.1	M1	-0.377	NA
XM_067092520.1	M1	-0.3769	NA
EL609304.1	M1	-0.3769	NA
EL695998.1	M1	-0.3767	NA
XM_067110256.1	M1	-0.3766	NA
XM_067126636.1	M1	-0.3764	NA
XM_067084347.1	M1	-0.3763	NA
XM_067095368.1	M1	-0.3762	NA
XM_067116596.1	M1	-0.3761	NA
XM_067100745.1	M1	-0.376	NA
XM_067130815.1	M1	-0.376	NA
JP354988.1	M1	-0.3759	NA
XM_067095947.1	M1	-0.3758	NA
XM_067134193.1	M1	-0.3757	NA
XM_067122627.1	M1	-0.3757	NA
XM_067093104.1	M1	-0.3757	NA
XM_067109768.1	M1	-0.3756	NA
XM_067098558.1	M1	-0.3754	NA
XM_067084715.1	M1	-0.3754	NA
XM_067103688.1	M1	-0.375	NA
JP353110.1	M1	-0.375	NA
XM_067128136.1	M1	-0.3749	NA
XM_067134447.1	M1	-0.3749	NA
XM_067086872.1	M1	-0.3748	NA
XM_067114104.1	M1	-0.3748	NA
XM_067123481.1	M1	-0.3748	NA
XM_067092887.1	M1	-0.3747	NA
XM_067127499.1	M1	-0.3747	NA
XM_067096007.1	M1	-0.3745	NA
XM_067084838.1	M1	-0.3744	NA
XM_067100295.1	M1	-0.3744	NA
XM_067113035.1	M1	-0.3743	NA
XM_067118303.1	M1	-0.3742	NA
XM_067121237.1	M1	-0.3739	NA
XM_067112401.1	M1	-0.3739	NA
XM_067133491.1	M1	-0.3738	NA
XM_067120838.1	M1	-0.3737	NA
XM_067133867.1	M1	-0.3735	NA
XM_067089860.1	M1	-0.3732	NA
XM_067121127.1	M1	-0.3732	NA
JP355075.1	M1	-0.3731	NA
XM_067105072.1	M1	-0.3728	NA
XM_067088642.1	M1	-0.3726	NA
XM_067127480.1	M1	-0.3725	NA
XM_067123241.1	M1	-0.3725	NA
JP355476.1	M1	-0.3724	NA
XM_067091877.1	M1	-0.3724	NA
JP353667.1	M1	-0.3723	NA
XM_067090414.1	M1	-0.3722	NA
XM_067123011.1	M1	-0.3722	NA
XM_067115326.1	M1	-0.3722	NA
XM_067130368.1	M1	-0.3721	NA
EL695518.1	M1	-0.3721	NA
XM_067125265.1	M1	-0.3719	NA
XM_067111304.1	M1	-0.3719	NA
XM_067110607.1	M1	-0.3718	NA
XM_067084234.1	M1	-0.3718	NA
JP354893.1	M1	0.3717	NA
XM_067102105.1	M1	-0.3716	NA
XM_067082453.1	M1	-0.3715	NA
XM_067093951.1	M1	-0.3714	NA
XM_067106286.1	M1	-0.3714	NA
XM_067123311.1	M1	-0.3713	NA
XM_067087068.1	M1	-0.3713	NA
XM_067103453.1	M1	-0.3712	NA
XM_067124900.1	M1	-0.3711	NA
XM_067084850.1	M1	-0.371	NA
XM_067104142.1	M1	-0.3709	NA
XM_067114933.1	M1	-0.3709	NA
XM_067110370.1	M1	-0.3707	NA
XM_067098910.1	M1	-0.3705	NA
XM_067112357.1	M1	-0.3705	NA
XM_067097008.1	M1	-0.3705	NA
XM_067105027.1	M1	-0.3705	NA
XM_067123239.1	M1	-0.3704	NA
XM_067085222.1	M1	-0.3704	NA
GH624146.1	M1	-0.3703	NA
XM_067087258.1	M1	-0.37	NA
XM_067114469.1	M1	-0.37	NA
XM_067086090.1	M1	-0.3699	NA
XM_067132546.1	M1	-0.3697	NA
JP355280.1	M1	-0.3696	NA
XM_067100202.1	M1	-0.3696	NA
XM_067119913.1	M1	-0.3694	NA
JP353618.1	M1	-0.3693	NA
XM_067093177.1	M1	-0.3692	NA
XM_067127867.1	M1	-0.3691	NA
XM_067118341.1	M1	-0.3691	NA
XM_067082033.1	M1	-0.3691	NA
XM_067125856.1	M1	-0.369	NA
XM_067089029.1	M1	-0.3689	NA
XM_067096682.1	M1	-0.3687	NA
XM_067114168.1	M1	-0.3686	NA
XM_067096585.1	M1	-0.3685	NA
XM_067091698.1	M1	-0.3685	NA
JP354250.1	M1	-0.3684	NA
JP353033.1	M1	-0.3683	NA
XM_067103216.1	M1	-0.3682	NA
XM_067105809.1	M1	-0.3681	NA
XM_067131713.1	M1	-0.368	NA
JP354532.1	M1	-0.3679	NA
XM_067084259.1	M1	-0.3679	NA
XM_067123649.1	M1	-0.3677	NA
XM_067122957.1	M1	-0.3677	NA
XM_067086678.1	M1	-0.3675	NA
XM_067106489.1	M1	-0.3674	NA
JP355585.1	M1	-0.3674	NA
XM_067087065.1	M1	-0.3674	NA
XM_067081458.1	M1	-0.3673	NA
XM_067104996.1	M1	-0.3673	NA
XM_067118862.1	M1	-0.3671	NA
XM_067128378.1	M1	-0.3671	NA
XM_067122462.1	M1	-0.3671	NA
XM_067085509.1	M1	-0.367	NA
XM_067084146.1	M1	-0.367	NA
XM_067086590.1	M1	-0.367	NA
XM_067116482.1	M1	-0.3667	NA
JP352267.1	M1	-0.3665	NA
XM_067114380.1	M1	-0.3665	NA
XM_067120894.1	M1	-0.3665	NA
XM_067115427.1	M1	-0.3664	NA
XM_067120061.1	M1	-0.3663	NA
XM_067114143.1	M1	-0.3663	NA
XM_067102677.1	M1	-0.3661	NA
XM_067113591.1	M1	-0.3661	NA
XM_067085005.1	M1	-0.3661	NA
EL609326.1	M1	-0.366	NA
XM_067101300.1	M1	-0.366	NA
XM_067114439.1	M1	-0.3659	NA
XM_067107775.1	M1	-0.3657	NA
JP354036.1	M1	-0.3657	NA
XM_067086092.1	M1	-0.3657	NA
XM_067126936.1	M1	-0.3656	NA
JP352061.1	M1	-0.3655	NA
JP355704.1	M1	-0.3655	NA
XM_067132849.1	M1	-0.3655	NA
XM_067081039.1	M1	-0.3653	NA
XM_067082584.1	M1	-0.3652	NA
XM_067118322.1	M1	-0.3646	NA
XM_067124996.1	M1	-0.3645	NA
XM_067088867.1	M1	-0.3643	NA
XM_067114719.1	M1	-0.3642	NA
XM_067123807.1	M1	-0.3641	NA
XM_067131837.1	M1	-0.364	NA
XM_067116312.1	M1	-0.364	NA
XM_067130933.1	M1	-0.364	NA
XM_067084077.1	M1	-0.3639	NA
XM_067128790.1	M1	-0.3638	NA
JP354655.1	M1	-0.3638	NA
JP355485.1	M1	-0.3638	NA
JP352442.1	M1	-0.3636	NA
XM_067098871.1	M1	-0.3636	NA
XM_067094229.1	M1	-0.3635	NA
XM_067085622.1	M1	-0.3634	NA
XM_067133924.1	M1	-0.3634	NA
XM_067123832.1	M1	-0.3633	NA
XM_067095819.1	M1	-0.3633	NA
JP355308.1	M1	-0.3632	NA
XM_067103888.1	M1	-0.3631	NA
XM_067106276.1	M1	-0.3631	NA
XM_067097381.1	M1	-0.3631	NA
EL696173.1	M1	-0.363	NA
JP354773.1	M1	-0.363	NA
XM_067134054.1	M1	-0.3629	NA
XM_067132651.1	M1	-0.3628	NA
XM_067097158.1	M1	-0.3626	NA
XM_067110200.1	M1	-0.3625	NA
XM_067129284.1	M1	-0.3623	NA
XM_067095815.1	M1	-0.3622	NA
XM_067104197.1	M1	-0.3622	NA
XM_067094339.1	M1	-0.3622	NA
XM_067095215.1	M1	-0.3621	NA
XM_067128829.1	M1	-0.362	NA
XM_067083396.1	M1	-0.362	NA
XM_067113760.1	M1	-0.3618	NA
XM_067085552.1	M1	-0.3618	NA
XM_067121569.1	M1	-0.3617	NA
XM_067130248.1	M1	-0.3616	NA
XM_067101128.1	M1	-0.3615	NA
XM_067131738.1	M1	-0.3615	NA
XM_067113471.1	M1	-0.3614	NA
XM_067094303.1	M1	-0.3613	NA
XM_067119033.1	M1	-0.3612	NA
XM_067104489.1	M1	-0.3612	NA
JP354982.1	M1	-0.361	NA
XM_067086688.1	M1	-0.361	NA
XM_067105044.1	M1	-0.3609	NA
XM_067110278.1	M1	-0.3609	NA
XM_067096944.1	M1	-0.3608	NA
XM_067118709.1	M1	-0.3607	NA
XM_067087361.1	M1	-0.3606	NA
XM_067120407.1	M1	-0.3606	NA
JP354035.1	M1	-0.3606	NA
JP355371.1	M1	-0.3605	NA
XM_067124634.1	M1	-0.3604	NA
XM_067112169.1	M1	-0.3604	NA
XM_067125290.1	M1	-0.3604	NA
XM_067111423.1	M1	-0.3602	NA
XM_067095096.1	M1	-0.3602	NA
XM_067083900.1	M1	-0.3602	NA
XM_067126791.1	M1	-0.36	NA
JP353106.1	M1	-0.36	NA
XM_067130819.1	M1	-0.36	NA
XM_067081159.1	M1	-0.3598	NA
XM_067113948.1	M1	-0.3598	NA
JP353486.1	M1	-0.3597	NA
XM_067111383.1	M1	-0.3595	NA
EL609600.1	M1	-0.3595	NA
XM_067131178.1	M1	-0.3595	NA
XM_067081457.1	M1	-0.3595	NA
EL609759.1	M1	-0.3594	NA
XM_067116641.1	M1	-0.3593	NA
XM_067126236.1	M1	-0.3592	NA
XM_067098539.1	M1	-0.3592	NA
XM_067116934.1	M1	-0.3592	NA
XM_067106243.1	M1	-0.3591	NA
XM_067111491.1	M1	-0.3591	NA
XM_067108990.1	M1	-0.3589	NA
XM_067101482.1	M1	-0.3589	NA
XM_067133240.1	M1	-0.3588	NA
XM_067102128.1	M1	-0.3588	NA
XM_067130943.1	M1	-0.3588	NA
XM_067121173.1	M1	-0.3586	NA
JP355557.1	M1	-0.3585	NA
XM_067133505.1	M1	-0.3585	NA
XM_067133865.1	M1	-0.3585	NA
XM_067087041.1	M1	-0.3583	NA
XM_067127498.1	M1	-0.3583	NA
XM_067114886.1	M1	-0.358	NA
XM_067085520.1	M1	-0.3578	NA
KJ188410.1	M1	-0.3578	NA
XM_067109653.1	M1	-0.3578	NA
XM_067088708.1	M1	-0.3578	NA
XM_067099813.1	M1	-0.3577	NA
XM_067119887.1	M1	-0.3577	NA
JP353959.1	M1	-0.3577	NA
JP354454.1	M1	0.3575	NA
XM_067108001.1	M1	-0.3573	NA
XM_067123426.1	M1	-0.3573	NA
XM_067087762.1	M1	-0.3571	NA
XM_067087365.1	M1	-0.3571	NA
XM_067122654.1	M1	-0.357	NA
XM_067121241.1	M1	-0.357	NA
XM_067130281.1	M1	-0.3569	NA
JP354139.1	M1	-0.3569	NA
XM_067106461.1	M1	-0.3568	NA
XM_067081714.1	M1	-0.3568	NA
JP354561.1	M1	-0.3568	NA
XM_067092166.1	M1	-0.3566	NA
XM_067133211.1	M1	-0.3566	NA
XM_067113808.1	M1	-0.3566	NA
JP354664.1	M1	-0.3565	NA
XM_067088869.1	M1	-0.3565	NA
JP354208.1	M1	-0.3565	NA
XM_067117406.1	M1	-0.3565	NA
JP353114.1	M1	-0.3564	NA
JP355145.1	M1	-0.3564	NA
XM_067090367.1	M1	-0.3562	NA
XM_067111338.1	M1	-0.3561	NA
JP354477.1	M1	-0.3561	NA
XM_067102230.1	M1	-0.3561	NA
XM_067089021.1	M1	-0.3559	NA
XM_067114523.1	M1	-0.3558	NA
XM_067090653.1	M1	-0.3558	NA
XM_067092827.1	M1	-0.3557	NA
XM_067090057.1	M1	-0.3557	NA
XM_067131896.1	M1	-0.3557	NA
XM_067102984.1	M1	-0.3557	NA
XM_067088280.1	M1	-0.3554	NA
XM_067086297.1	M1	-0.3554	NA
XM_067112953.1	M1	-0.3554	NA
XM_067126949.1	M1	-0.3552	NA
XM_067082616.1	M1	-0.3552	NA
JP353920.1	M1	-0.3551	NA
XM_067107683.1	M1	-0.355	NA
XM_067133743.1	M1	-0.355	NA
XM_067107648.1	M1	-0.3549	NA
XM_067087208.1	M1	-0.3549	NA
XM_067133476.1	M1	-0.3548	NA
EL609000.1	M1	-0.3548	NA
XM_067093144.1	M1	-0.3547	NA
XM_067094038.1	M1	-0.3547	NA
XM_067099168.1	M1	-0.3546	NA
EL696210.1	M1	-0.3546	NA
XM_067127212.1	M1	-0.3545	NA
XM_067090968.1	M1	-0.3545	NA
XM_067097199.1	M1	-0.3543	NA
XM_067094951.1	M1	-0.3543	NA
GH625973.1	M1	-0.3542	NA
XM_067087132.1	M1	-0.3542	NA
XM_067111783.1	M1	-0.3542	NA
XM_067090964.1	M1	-0.3542	NA
XM_067095138.1	M1	-0.3542	NA
XM_067130568.1	M1	-0.3541	NA
XM_067107860.1	M1	-0.354	NA
XM_067097693.1	M1	-0.3539	NA
XM_067130484.1	M1	-0.3539	NA
XM_067129574.1	M1	-0.3539	NA
XM_067132225.1	M1	-0.3538	NA
XM_067098548.1	M1	-0.3538	NA
XM_067129272.1	M1	-0.3538	NA
JP355460.1	M1	-0.3538	NA
XM_067112478.1	M1	-0.3538	NA
XM_067093638.1	M1	-0.3536	NA
EL695574.1	M1	-0.3535	NA
XM_067120281.1	M1	-0.3532	NA
XM_067106009.1	M1	-0.3532	NA
JP354723.1	M1	-0.3531	NA
XM_067103991.1	M1	-0.3529	NA
XM_067100633.1	M1	-0.3529	NA
EL609319.1	M1	-0.3526	NA
XM_067116532.1	M1	-0.3526	NA
XM_067127475.1	M1	-0.3525	NA
XM_067088182.1	M1	-0.3524	NA
JP355242.1	M1	-0.3524	NA
XM_067096001.1	M1	-0.3524	NA
XM_067094227.1	M1	-0.3523	NA
EL609673.1	M1	-0.3522	NA
XM_067090690.1	M1	-0.3522	NA
XM_067081926.1	M1	-0.3522	NA
XM_067098998.1	M1	-0.3522	NA
XM_067122517.1	M1	-0.3521	NA
XM_067118737.1	M1	-0.3521	NA
XM_067097313.1	M1	-0.352	NA
XM_067093354.1	M1	-0.3519	NA
JP354420.1	M1	-0.3519	NA
XM_067099882.1	M1	-0.3518	NA
XM_067088879.1	M1	-0.3518	NA
XM_067098278.1	M1	-0.3518	NA
XM_067103921.1	M1	-0.3516	NA
XM_067128833.1	M1	-0.3516	NA
EL695825.1	M1	-0.3516	NA
XM_067103889.1	M1	-0.3515	NA
XM_067091921.1	M1	-0.3515	NA
XM_067095442.1	M1	-0.3515	NA
XM_067133958.1	M1	-0.3514	NA
XM_067130098.1	M1	-0.3514	NA
XM_067095872.1	M1	-0.3514	NA
XM_067116560.1	M1	-0.3513	NA
JP354523.1	M1	-0.3511	NA
JP353160.1	M1	-0.3511	NA
XM_067130940.1	M1	-0.3511	NA
XM_067128291.1	M1	-0.351	NA
XM_067108972.1	M1	-0.3509	NA
XM_067105097.1	M1	-0.3508	NA
XM_067087257.1	M1	-0.3508	NA
XM_067084639.1	M1	-0.3508	NA
JP353493.1	M1	-0.3507	NA
JP354539.1	M1	-0.3507	NA
XM_067100741.1	M1	-0.3507	NA
XM_067111203.1	M1	-0.3506	NA
XM_067085492.1	M1	-0.3506	NA
XM_067091307.1	M1	-0.3505	NA
XM_067101142.1	M1	-0.3504	NA
XM_067099435.1	M1	-0.3504	NA
XM_067096578.1	M1	-0.3504	NA
XM_067100347.1	M1	-0.3503	NA
XM_067112965.1	M1	-0.3503	NA
XM_067108200.1	M1	-0.3503	NA
XM_067116111.1	M1	-0.3502	NA
XM_067098475.1	M1	-0.3502	NA
XM_067125749.1	M1	-0.3501	NA
XM_067107991.1	M1	-0.35	NA
XM_067093447.1	M1	-0.35	NA
XM_067133971.1	M1	-0.3499	NA
XM_067086701.1	M1	-0.3499	NA
XM_067109308.1	M1	-0.3496	NA
XM_067086724.1	M1	-0.3496	NA
XM_067107727.1	M1	-0.3496	NA
XM_067129572.1	M1	-0.3494	NA
JP355537.1	M1	-0.3494	NA
XM_067082241.1	M1	-0.3493	NA
XM_067110855.1	M1	-0.3492	NA
XM_067085922.1	M1	-0.3488	NA
XM_067087870.1	M1	-0.3488	NA
XM_067129220.1	M1	-0.3487	NA
JP353105.1	M1	-0.3487	NA
XM_067107956.1	M1	-0.3486	NA
XM_067134079.1	M1	-0.3486	NA
XM_067109844.1	M1	-0.3485	NA
XM_067103861.1	M1	-0.3483	NA
XM_067132602.1	M1	-0.3481	NA
XM_067092305.1	M1	-0.3481	NA
XM_067125812.1	M1	-0.3481	NA
XM_067122056.1	M1	-0.348	NA
XM_067101012.1	M1	-0.3479	NA
XM_067089774.1	M1	-0.3479	NA
XM_067081651.1	M1	-0.3478	NA
JP351624.1	M1	-0.3478	NA
JP354451.1	M1	-0.3478	NA
XM_067091969.1	M1	-0.3477	NA
XM_067126283.1	M1	-0.3476	NA
EL695745.1	M1	-0.3476	NA
XM_067125460.1	M1	-0.3475	NA
XM_067088400.1	M1	-0.3475	NA
XM_067104793.1	M1	-0.3474	NA
XM_067115140.1	M1	-0.3473	NA
XM_067126392.1	M1	-0.3473	NA
XM_067105568.1	M1	-0.3473	NA
XM_067091632.1	M1	-0.3472	NA
JP354046.1	M1	-0.3472	NA
XM_067134132.1	M1	-0.3471	NA
JP354753.1	M1	-0.347	NA
XM_067100023.1	M1	-0.347	NA
XM_067122889.1	M1	-0.347	NA
XM_067085050.1	M1	-0.347	NA
XM_067097007.1	M1	-0.3469	NA
XM_067099382.1	M1	-0.3469	NA
XM_067096374.1	M1	-0.3469	NA
XM_067091437.1	M1	-0.3468	NA
XM_067087587.1	M1	-0.3468	NA
JP353565.1	M1	-0.3468	NA
XM_067107805.1	M1	-0.3468	NA
XM_067089878.1	M1	-0.3468	NA
XM_067088103.1	M1	-0.3467	NA
JP353090.1	M1	-0.3466	NA
JP354098.1	M1	-0.3466	NA
XM_067104129.1	M1	-0.3466	NA
XM_067083827.1	M1	-0.3465	NA
XM_067095238.1	M1	-0.3464	NA
XM_067087472.1	M1	-0.3463	NA
XM_067106997.1	M1	-0.3462	NA
XM_067115016.1	M1	-0.3461	NA
XM_067112487.1	M1	-0.3461	NA
XM_067131964.1	M1	-0.346	NA
XM_067111169.1	M1	-0.346	NA
JP352804.1	M1	-0.346	NA
XM_067103817.1	M1	-0.3459	NA
XM_067091796.1	M1	-0.3458	NA
XM_067101836.1	M1	-0.3458	NA
XM_067099941.1	M1	-0.3458	NA
XM_067120517.1	M1	-0.3458	NA
JP355173.1	M1	-0.3457	NA
XM_067096678.1	M1	-0.3456	NA
XM_067104111.1	M1	-0.3456	NA
XM_067128021.1	M1	-0.3456	NA
XM_067108655.1	M1	-0.3456	NA
XM_067104359.1	M1	-0.3455	NA
XM_067081806.1	M1	-0.3455	NA
XM_067107746.1	M1	-0.3455	NA
XM_067121708.1	M1	-0.3455	NA
JP354188.1	M3	-0.6406	NA
XM_067099834.1	M3	-0.62	NA
XM_067132711.1	M3	-0.6179	NA
XM_067110113.1	M3	-0.5987	NA
XM_067107292.1	M3	-0.584	NA
XM_067095722.1	M3	-0.5808	NA
XM_067095169.1	M3	-0.5804	NA
XM_067124570.1	M3	-0.5707	NA
XM_067133392.1	M3	-0.5619	NA
XM_067126362.1	M3	-0.5609	NA
XM_067094246.1	M3	-0.5583	NA
XM_067128716.1	M3	-0.5572	NA
JP355509.1	M3	-0.5545	NA
XM_067090279.1	M3	-0.5525	NA
XM_067108877.1	M3	-0.5507	NA
XM_067085455.1	M3	-0.5487	NA
JP355127.1	M3	-0.5473	NA
XM_067122641.1	M3	-0.547	NA
XM_067082572.1	M3	-0.5451	NA
XM_067094344.1	M3	-0.5444	NA
XM_067119193.1	M3	-0.5423	NA
XM_067112540.1	M3	-0.5416	NA
XM_067084621.1	M3	-0.5399	NA
XM_067083200.1	M3	-0.5383	NA
XM_067116089.1	M3	-0.5382	NA
XM_067094830.1	M3	-0.5342	NA
XM_067134217.1	M3	-0.5318	NA
XM_067081294.1	M3	-0.5308	NA
XM_067133318.1	M3	-0.5306	NA
XM_067099305.1	M3	-0.5295	NA
XM_067127540.1	M3	-0.5268	NA
XM_067123653.1	M3	-0.5259	NA
XM_067088149.1	M3	-0.5258	NA
GH625671.1	M3	-0.5229	NA
XM_067109880.1	M3	-0.5223	NA
XM_067130507.1	M3	-0.5186	NA
XM_067109210.1	M3	-0.5182	NA
JP355087.1	M3	-0.5175	NA
XM_067118361.1	M3	-0.5159	NA
XM_067126818.1	M3	-0.515	NA
XM_067098705.1	M3	-0.5143	NA
XM_067085200.1	M3	-0.5137	NA
JP355309.1	M3	-0.5095	NA
XM_067101200.1	M3	-0.509	NA
JP352788.1	M3	-0.5059	NA
XM_067091934.1	M3	-0.5052	NA
GH625225.1	M3	-0.505	NA
XM_067092083.1	M3	-0.5047	NA
XM_067121245.1	M3	-0.5046	NA
XM_067098365.1	M3	-0.5039	NA
HG001455.1	M3	-0.5032	NA
JP353211.1	M3	-0.5012	NA
JP354922.1	M3	-0.5009	NA
XM_067124605.1	M3	-0.5003	NA
XM_067105987.1	M3	-0.499	NA
JP354639.1	M3	-0.4987	NA
XM_067116079.1	M3	-0.4977	NA
XM_067092926.1	M3	-0.4975	NA
XM_067107190.1	M3	-0.4961	NA
XM_067124821.1	M3	-0.4956	NA
XM_067120256.1	M3	-0.4954	NA
XM_067095250.1	M3	-0.4952	NA
XM_067128815.1	M3	-0.4949	NA
XM_067092946.1	M3	-0.4944	NA
EL696315.1	M3	-0.4944	NA
XM_067106458.1	M3	-0.4943	NA
XM_067116311.1	M3	-0.4941	NA
JP353197.1	M3	-0.4932	NA
XM_067090151.1	M3	-0.4926	NA
XM_067116042.1	M3	-0.4925	NA
JP353809.1	M3	-0.4908	NA
EL696128.1	M3	-0.4902	NA
XM_067103632.1	M3	-0.49	NA
XM_067128500.1	M3	-0.4899	NA
XM_067118374.1	M3	-0.4892	NA
XM_067097663.1	M3	-0.4875	NA
XM_067118595.1	M3	-0.4872	NA
XM_067096031.1	M3	-0.4856	NA
XM_067120626.1	M3	-0.4851	NA
XM_067092471.1	M3	-0.4834	NA
XM_067131188.1	M3	-0.4826	NA
XM_067124099.1	M3	-0.4814	NA
XM_067086798.1	M3	-0.481	NA
XM_067083842.1	M3	-0.4801	NA
JP353331.1	M3	-0.4794	NA
XM_067093457.1	M3	-0.4794	NA
XM_067129099.1	M3	-0.4791	NA
XM_067084366.1	M3	-0.4788	NA
JP354192.1	M3	-0.478	NA
XM_067097074.1	M3	-0.4775	NA
XM_067107850.1	M3	-0.4771	NA
XM_067125642.1	M3	-0.4759	NA
XM_067096595.1	M3	-0.4758	NA
XM_067103155.1	M3	-0.4751	NA
XM_067133997.1	M3	-0.4747	NA
XM_067116554.1	M3	-0.4736	NA
XM_067130863.1	M3	-0.4735	NA
GH624800.1	M3	-0.4718	NA
JP353607.1	M3	-0.4701	NA
XM_067085570.1	M3	-0.4686	NA
XM_067108384.1	M3	-0.4681	NA
XM_067104121.1	M3	-0.4677	NA
XM_067087894.1	M3	-0.4663	NA
XM_067126365.1	M3	-0.4642	NA
XM_067102950.1	M3	-0.4631	NA
XM_067105803.1	M3	-0.4627	NA
XM_067108385.1	M3	-0.4626	NA
XM_067113325.1	M3	-0.462	NA
XM_067112335.1	M3	-0.4581	NA
XM_067114716.1	M3	-0.4579	NA
XM_067117679.1	M3	-0.4579	NA
EL609760.1	M3	-0.4575	NA
XM_067124865.1	M3	-0.4575	NA
XM_067126403.1	M3	-0.4573	NA
XM_067116877.1	M3	-0.457	NA
XM_067105329.1	M3	-0.4565	NA
XM_067104796.1	M3	-0.4552	NA
XM_067096496.1	M3	-0.4549	NA
XM_067120109.1	M3	-0.4548	NA
XM_067134107.1	M3	-0.4542	NA
XM_067120932.1	M3	-0.4537	NA
XM_067091200.1	M3	-0.451	NA
XM_067092013.1	M3	-0.4503	NA
JP354678.1	M3	-0.4502	NA
XM_067134296.1	M3	-0.4495	NA
XM_067123423.1	M3	-0.4491	NA
XM_067092015.1	M3	-0.449	NA
XM_067089677.1	M3	-0.449	NA
XM_067103232.1	M3	-0.4488	NA
XM_067097589.1	M3	-0.4487	NA
XM_067106656.1	M3	-0.4487	NA
XM_067106975.1	M3	-0.4485	NA
XM_067129135.1	M3	-0.4471	NA
XM_067120205.1	M3	-0.4468	NA
XM_067094810.1	M3	0.4461	NA
XM_067105351.1	M3	-0.4461	NA
XM_067091060.1	M3	-0.4446	NA
JP353588.1	M3	-0.4431	NA
XM_067108376.1	M3	-0.4409	NA
XM_067110500.1	M3	-0.4408	NA
XM_067128394.1	M2	0.9885	NA
XM_067131584.1	M2	0.9839	NA
XM_067099421.1	M2	0.981	NA
XM_067120533.1	M2	0.9804	NA
XM_067092200.1	M2	0.9796	NA
XM_067123370.1	M2	0.9772	NA
XM_067105577.1	M2	0.9768	NA
XM_067128558.1	M2	0.9765	NA
XM_067093652.1	M2	0.9753	NA
XM_067102343.1	M2	0.9739	NA
XM_067104445.1	M2	0.9726	NA
XM_067082447.1	M2	0.9713	NA
XM_067081860.1	M2	0.971	NA
XM_067125578.1	M2	0.9707	NA
XM_067108215.1	M2	0.9706	NA
XM_067104168.1	M2	0.97	NA
XM_067084277.1	M2	0.9695	NA
XM_067128138.1	M2	0.9693	NA
XM_067111257.1	M2	0.9693	NA
EL696226.1	M2	0.9692	NA
XM_067092173.1	M2	0.9678	NA
XM_067100330.1	M2	0.9678	NA
XM_067098610.1	M2	0.9663	NA
XM_067087037.1	M2	0.9663	NA
XM_067133709.1	M2	0.9654	NA
XM_067084275.1	M2	0.9653	NA
XM_067134211.1	M2	0.9643	NA
XM_067124309.1	M2	0.9641	NA
XM_067112770.1	M2	0.9637	NA
XM_067131735.1	M2	0.9634	NA
XM_067101088.1	M2	0.9626	NA
XM_067128070.1	M2	0.9625	NA
JP351973.1	M2	0.9621	NA
XM_067115560.1	M2	0.962	NA
XM_067115422.1	M2	0.9618	NA
JP355118.1	M2	0.9615	NA
XM_067086270.1	M2	0.9609	NA
XM_067110626.1	M2	0.9602	NA
XM_067098244.1	M2	0.9601	NA
XM_067085167.1	M2	0.9601	NA
XM_067102380.1	M2	0.9599	NA
XM_067086716.1	M2	0.9595	NA
XM_067093807.1	M2	0.9589	NA
XM_067124788.1	M2	0.9588	NA
XM_067085054.1	M2	0.9585	NA
XM_067084649.1	M2	0.9581	NA
XM_067134295.1	M2	0.9579	NA
XM_067128928.1	M2	0.9578	NA
XM_067123371.1	M2	0.9574	NA
XM_067102886.1	M2	0.9574	NA
XM_067098146.1	M2	0.9574	NA
XM_067123523.1	M2	0.957	NA
XM_067101251.1	M2	0.9569	NA
JP354309.1	M2	0.9568	NA
XM_067085892.1	M2	0.9568	NA
XM_067105051.1	M2	0.9567	NA
XM_067116987.1	M2	0.9564	NA
XM_067109110.1	M2	0.9558	NA
XM_067122550.1	M2	0.9556	NA
XM_067119584.1	M2	0.9555	NA
XM_067125053.1	M2	0.9555	NA
XM_067134290.1	M2	0.9555	NA
XM_067133585.1	M2	0.9549	NA
XM_067092909.1	M2	0.9546	NA
XM_067111165.1	M2	0.9541	NA
XM_067101011.1	M2	0.954	NA
XM_067082637.1	M2	0.9532	NA
XM_067126960.1	M2	0.9531	NA
XM_067093867.1	M2	0.9531	NA
XM_067099300.1	M2	0.953	NA
XM_067110594.1	M2	0.9529	NA
KJ622353.1	M2	0.9528	NA
XM_067104001.1	M2	0.9525	NA
XM_067124604.1	M2	0.9523	NA
XM_067092156.1	M2	0.9523	NA
XM_067100419.1	M2	0.952	NA
XM_067114862.1	M2	0.9519	NA
XM_067134270.1	M2	0.9511	NA
XM_067127289.1	M2	0.9511	NA
XM_067100393.1	M2	0.9508	NA
XM_067089069.1	M2	0.9508	NA
GH625860.1	M2	0.9507	NA
XM_067087524.1	M2	0.9507	NA
XM_067091982.1	M2	0.9506	NA
XM_067120608.1	M2	0.95	NA
XM_067099424.1	M2	0.9498	NA
XM_067130514.1	M2	0.9498	NA
JP353363.1	M2	0.9498	NA
XM_067121703.1	M2	0.9495	NA
XM_067120639.1	M2	0.9495	NA
XM_067080996.1	M2	0.9489	NA
XM_067087686.1	M2	0.9489	NA
XM_067131120.1	M2	0.9486	NA
XM_067105641.1	M2	0.9486	NA
XM_067097027.1	M2	0.9484	NA
XM_067118924.1	M2	0.9482	NA
XM_067124690.1	M2	0.9477	NA
XM_067107901.1	M2	0.9476	NA
XM_067082028.1	M2	0.9475	NA
XM_067118608.1	M2	0.9475	NA
XM_067115734.1	M2	0.9473	NA
EL695818.1	M2	0.947	NA
XM_067106888.1	M2	0.9467	NA
XM_067109898.1	M2	0.9466	NA
XM_067099106.1	M2	0.9465	NA
XM_067112188.1	M2	0.9463	NA
XM_067083266.1	M2	0.9461	NA
XM_067131422.1	M2	0.9459	NA
XM_067125635.1	M2	0.9458	NA
XM_067083907.1	M2	0.9457	NA
XM_067089741.1	M2	0.9457	NA
XM_067115082.1	M2	0.9455	NA
XM_067085623.1	M2	0.9449	NA
XM_067087814.1	M2	0.9448	NA
XM_067085627.1	M2	0.9445	NA
XM_067127505.1	M2	0.9444	NA
XM_067108983.1	M2	0.9443	NA
XM_067101250.1	M2	0.9443	NA
XM_067107900.1	M2	0.9441	NA
XM_067099498.1	M2	0.9439	NA
XM_067099299.1	M2	0.9436	NA
XM_067111231.1	M2	0.9434	NA
XM_067097816.1	M2	0.9433	NA
XM_067120409.1	M2	0.9432	NA
XM_067090120.1	M2	0.9431	NA
XM_067102385.1	M2	0.9431	NA
XM_067099724.1	M2	0.943	NA
XM_067132737.1	M2	0.9428	NA
XM_067095827.1	M2	0.9425	NA
XM_067120086.1	M2	0.942	NA
XM_067105612.1	M2	0.9418	NA
XM_067102432.1	M2	0.9417	NA
XM_067117366.1	M2	0.9414	NA
XM_067121829.1	M2	0.9412	NA
XM_067115569.1	M2	0.9412	NA
XM_067125927.1	M2	0.941	NA
XM_067116445.1	M2	0.9403	NA
XM_067098492.1	M2	0.9401	NA
XM_067082736.1	M2	0.9401	NA
XM_067108021.1	M2	0.94	NA
XM_067085094.1	M2	0.9399	NA
XM_067124785.1	M2	0.9399	NA
XM_067118485.1	M2	0.9398	NA
XM_067127095.1	M2	0.9395	NA
XM_067085487.1	M2	0.939	NA
XM_067116189.1	M2	0.9388	NA
XM_067101023.1	M2	0.9387	NA
XM_067088388.1	M2	0.9383	NA
XM_067082384.1	M2	0.9381	NA
XM_067087896.1	M2	0.938	NA
XM_067112372.1	M2	0.938	NA
XM_067128519.1	M2	0.9378	NA
XM_067083507.1	M2	0.9376	NA
XM_067099621.1	M2	0.9374	NA
XM_067115570.1	M2	0.9372	NA
XM_067108022.1	M2	0.9366	NA
XM_067129253.1	M2	0.9363	NA
XM_067117432.1	M2	0.9363	NA
XM_067123181.1	M2	0.9361	NA
XM_067083938.1	M2	0.936	NA
XM_067112480.1	M2	0.936	NA
XM_067117197.1	M2	0.936	NA
XM_067097355.1	M2	0.936	NA
JP352037.1	M2	0.9359	NA
JP353757.1	M2	0.9358	NA
XM_067102284.1	M2	0.9356	NA
XM_067115086.1	M2	0.9353	NA
XM_067103758.1	M2	0.9353	NA
XM_067086268.1	M2	0.9353	NA
XM_067110817.1	M2	0.935	NA
XM_067086272.1	M2	0.9348	NA
XM_067099499.1	M2	0.9345	NA
XM_067107899.1	M2	0.9345	NA
XM_067114311.1	M2	0.9344	NA
XM_067109223.1	M2	0.9344	NA
XM_067104713.1	M2	0.9342	NA
XM_067088298.1	M2	0.9342	NA
XM_067107314.1	M2	0.9341	NA
XM_067125636.1	M2	0.9336	NA
XM_067108463.1	M2	0.9336	NA
XM_067082758.1	M2	0.9328	NA
XM_067081605.1	M2	0.9324	NA
XM_067099460.1	M2	0.9323	NA
XM_067128929.1	M2	0.9319	NA
XM_067105642.1	M2	0.9318	NA
XM_067106993.1	M2	0.9317	NA
XM_067117649.1	M2	0.9314	NA
XM_067130768.1	M2	0.931	NA
XM_067088699.1	M2	0.931	NA
XM_067087800.1	M2	0.9307	NA
XM_067124505.1	M2	0.9303	NA
XM_067091381.1	M2	0.9294	NA
XM_067134293.1	M2	0.9294	NA
XM_067099875.1	M2	0.9292	NA
XM_067132739.1	M2	0.9286	NA
XM_067095959.1	M2	0.9286	NA
XM_067104682.1	M2	0.9285	NA
XM_067123438.1	M2	0.9284	NA
XM_067084286.1	M2	0.9282	NA
XM_067123046.1	M2	0.9279	NA
XM_067131280.1	M2	0.9278	NA
XM_067101185.1	M2	0.9277	NA
XM_067110765.1	M2	0.9273	NA
XM_067123439.1	M2	0.9273	NA
XM_067086267.1	M2	0.9272	NA
XM_067097331.1	M2	0.927	NA
XM_067119060.1	M2	0.9265	NA
XM_067119997.1	M2	0.9259	NA
XM_067097710.1	M2	0.9259	NA
XM_067118923.1	M2	0.9255	NA
XM_067121994.1	M2	0.9253	NA
XM_067102885.1	M2	0.9253	NA
XM_067109723.1	M2	0.9253	NA
XM_067109761.1	M2	0.9252	NA
XM_067082083.1	M2	0.9251	NA
XM_067092139.1	M2	0.9246	NA
XM_067112895.1	M2	0.9245	NA
XM_067120634.1	M2	0.9245	NA
XM_067099297.1	M2	0.9241	NA
XM_067109093.1	M2	0.924	NA
XM_067100123.1	M2	0.9239	NA
XM_067088173.1	M2	0.9236	NA
XM_067121271.1	M2	0.9228	NA
XM_067116555.1	M2	0.9227	NA
XM_067115419.1	M2	0.9226	NA
XM_067109972.1	M2	0.9226	NA
XM_067082071.1	M2	0.9225	NA
XM_067095419.1	M2	0.9222	NA
XM_067098178.1	M2	0.9222	NA
XM_067116803.1	M2	0.9221	NA
XM_067113213.1	M2	0.922	NA
XM_067120066.1	M2	0.9219	NA
XM_067126419.1	M2	0.9217	NA
XM_067107859.1	M2	0.9216	NA
XM_067104104.1	M2	0.9213	NA
XM_067123801.1	M2	0.9212	NA
XM_067107742.1	M2	0.9212	NA
XM_067096089.1	M2	0.9206	NA
XM_067093516.1	M2	0.9205	NA
XM_067092331.1	M2	0.9205	NA
XM_067133778.1	M2	0.9204	NA
XM_067091327.1	M2	0.9202	NA
XM_067084445.1	M2	0.9201	NA
XM_067091891.1	M2	0.92	NA
XM_067095397.1	M2	0.9198	NA
XM_067104166.1	M2	0.9198	NA
XM_067124707.1	M2	0.9197	NA
XM_067119856.1	M2	0.9196	NA
XM_067093909.1	M2	0.9196	NA
XM_067095784.1	M2	0.9195	NA
XM_067116046.1	M2	0.9194	NA
XM_067127290.1	M2	0.9193	NA
XM_067126962.1	M2	0.9192	NA
XM_067108372.1	M2	0.9192	NA
XM_067127875.1	M2	0.9191	NA
XM_067085980.1	M2	0.919	NA
XM_067086266.1	M2	0.919	NA
XM_067097207.1	M2	0.9188	NA
XM_067122552.1	M2	0.9188	NA
XM_067115745.1	M2	0.9188	NA
XM_067085488.1	M2	0.9188	NA
XM_067107605.1	M2	0.9187	NA
XM_067094456.1	M2	0.9184	NA
XM_067094798.1	M2	0.9184	NA
JP354925.1	M2	0.918	NA
XM_067127321.1	M2	0.918	NA
XM_067133927.1	M2	0.9177	NA
XM_067125206.1	M2	0.9176	NA
XM_067126183.1	M2	0.9176	NA
XM_067099302.1	M2	0.9173	NA
XM_067110827.1	M2	0.9173	NA
XM_067115181.1	M2	0.9173	NA
XM_067133610.1	M2	0.9172	NA
XM_067087644.1	M2	0.9172	NA
XM_067131905.1	M2	0.9172	NA
XM_067082351.1	M2	0.9169	NA
XM_067100333.1	M2	0.9168	NA
XM_067104921.1	M2	0.9167	NA
XM_067110498.1	M2	0.9165	NA
XM_067108373.1	M2	0.9164	NA
JP354812.1	M2	0.9159	NA
XM_067122611.1	M2	0.9156	NA
XM_067086030.1	M6	0.8454	NA
XM_067082934.1	M6	0.7388	NA
XM_067114945.1	M6	0.7127	NA
XM_067105068.1	M6	0.6956	NA
EL695914.1	M6	0.6891	NA
XM_067095058.1	M6	0.6781	NA
JP353831.1	M6	0.6572	NA
XM_067121837.1	M6	0.6539	NA
XM_067089690.1	M6	0.653	NA
XM_067112268.1	M6	0.65	NA
XM_067103211.1	M6	0.6374	NA
XM_067132712.1	M6	0.6339	NA
XM_067111233.1	M6	0.6335	NA
XM_067100416.1	M6	0.6278	NA
XM_067103598.1	M6	0.6232	NA
XM_067124917.1	M6	0.6215	NA
XM_067106657.1	M6	0.6129	NA
XM_067117717.1	M6	0.6123	NA
XM_067129770.1	M6	0.6115	NA
XM_067134595.1	M6	0.6103	NA
XM_067115250.1	M6	0.6086	NA
XM_067089713.1	M6	0.6056	NA
XM_067134280.1	M6	0.6039	NA
XM_067124646.1	M6	0.6027	NA
JP354832.1	M6	0.6009	NA
XM_067131927.1	M6	0.5991	NA
XM_067112520.1	M6	0.5976	NA
XM_067106480.1	M6	0.5957	NA
XM_067087534.1	M6	0.5942	NA
XM_067086298.1	M6	0.5925	NA
EL609592.1	M6	0.587	NA
JP353933.1	M6	0.5865	NA
XM_067094297.1	M6	0.5857	NA
XM_067107249.1	M6	0.5829	NA
XM_067088134.1	M6	0.5805	NA
XM_067105018.1	M6	0.5786	NA
EL609362.1	M6	0.5774	NA
XM_067095139.1	M6	0.572	NA
XM_067107753.1	M6	0.5704	NA
XM_067125216.1	M6	0.5673	NA
XM_067117715.1	M6	0.5621	NA
XM_067100047.1	M6	0.5579	NA
XM_067083286.1	M6	0.5528	NA
XM_067101367.1	M6	0.5501	NA
XM_067134585.1	M6	0.5498	NA
XM_067111987.1	M6	0.549	NA
XM_067125229.1	M6	0.5454	NA
XM_067123107.1	M6	0.5453	NA
XM_067112878.1	M6	0.5373	NA
XM_067119732.1	M6	0.5334	NA
XM_067096515.1	M6	0.5323	NA
XM_067118198.1	M6	0.5294	NA
XM_067127894.1	M6	0.5274	NA
XM_067121840.1	M6	0.5252	NA
XM_067115124.1	M6	0.5223	NA
JP351745.1	M6	0.5193	NA
GH626119.1	M6	0.5177	NA
XM_067122492.1	M6	0.517	NA
XM_067110822.1	M6	0.5165	NA
XM_067116168.1	M6	0.5162	NA
XM_067097475.1	M6	0.5145	NA
XM_067109294.1	M6	0.5144	NA
GH625464.1	M6	0.5128	NA
XM_067119491.1	M6	0.5088	NA
XM_067104329.1	M6	0.5076	NA
XM_067100814.1	M6	0.5066	NA
XM_067104953.1	M6	0.5052	NA
XM_067109836.1	M6	0.5041	NA
XM_067097499.1	M6	0.5021	NA
XM_067103197.1	M6	0.4978	NA
XM_067133196.1	M6	0.4955	NA
XM_067107357.1	M6	0.4932	NA
XM_067112636.1	M4	-0.4572	NA
JP355094.1	M4	-0.4528	NA
XM_067099354.1	M4	-0.4253	NA
XM_067129591.1	M4	-0.4191	NA
JP353703.1	M4	-0.4184	NA
XM_067112379.1	M4	-0.415	NA
JP353970.1	M4	-0.4106	NA
GH625399.1	M4	-0.4094	NA
XM_067092249.1	M4	-0.4061	NA
JP354613.1	M4	-0.4011	NA
XM_067091193.1	M4	-0.3994	NA
XM_067117012.1	M4	-0.3988	NA
EL695520.1	M4	-0.3932	NA
XM_067093130.1	M4	-0.3921	NA
XM_067119038.1	M4	-0.3919	NA
XM_067127479.1	M4	-0.388	NA
XM_067124225.1	M4	-0.3872	NA
XM_067121957.1	M4	-0.3871	NA
JP355671.1	M4	-0.3863	NA
XM_067086181.1	M4	-0.3855	NA
XM_067109804.1	M4	-0.3855	NA
XM_067083837.1	M4	-0.3809	NA
XM_067127881.1	M4	-0.379	NA
EL696085.1	M4	-0.3782	NA
XM_067083258.1	M4	-0.3777	NA
XM_067089777.1	M4	-0.3776	NA
XM_067117016.1	M4	-0.3762	NA
GH624830.1	M4	-0.3761	NA
GH625516.1	M4	-0.3745	NA
EL609619.1	M4	-0.3743	NA
XM_067107487.1	M4	-0.3741	NA
JP351852.1	M4	-0.3723	NA
XM_067125380.1	M4	-0.3673	NA
XM_067113476.1	M4	0.367	NA
XM_067124976.1	M4	-0.3663	NA
XM_067093244.1	M4	-0.366	NA
XM_067096638.1	M4	-0.3659	NA
XM_067109290.1	M4	-0.3634	NA
XM_067133780.1	M4	-0.3627	NA
GH624929.1	M4	-0.3613	NA
XM_067104742.1	M4	-0.3612	NA
XM_067116349.1	M4	-0.3604	NA
XM_067121770.1	M4	-0.3596	NA
XM_067082959.1	M4	-0.3591	NA
XM_067103588.1	M4	-0.3591	NA
XM_067094881.1	M4	-0.3569	NA
XM_067108878.1	M4	-0.3555	NA
XM_067103567.1	M4	-0.3553	NA
XM_067127923.1	M4	-0.3552	NA
XM_067085591.1	M4	-0.3552	NA
XM_067097001.1	M4	-0.3547	NA
XM_067091665.1	M4	-0.3535	NA
XM_067111156.1	M4	-0.3531	NA
XM_067087209.1	M4	-0.3531	NA
XM_067089563.1	M4	-0.3529	NA
XM_067118741.1	M4	-0.3512	NA
XM_067123293.1	M4	-0.3511	NA
XM_067096781.1	M4	-0.3492	NA
XM_067090840.1	M4	-0.3484	NA
XM_067096796.1	M4	-0.3472	NA
XM_067126927.1	M4	-0.347	NA
XM_067118838.1	M4	-0.346	NA
JP355024.1	M4	-0.3453	NA
XM_067086316.1	M4	-0.3443	NA
JK502192.1	M4	-0.3427	NA
EL609797.1	M4	-0.3422	NA
XM_067094882.1	M4	-0.3416	NA
XM_067118819.1	M4	-0.3395	NA
XM_067103988.1	M4	-0.3384	NA
XM_067082767.1	M4	-0.3384	NA
EL609355.1	M4	-0.3384	NA
XM_067098995.1	M4	-0.3378	NA
XM_067093510.1	M4	-0.3368	NA
XM_067121018.1	M4	-0.3367	NA
XM_067096201.1	M4	-0.3364	NA
GH624930.1	M4	-0.3363	NA
XM_067097528.1	M4	-0.3357	NA
XM_067082124.1	M4	-0.3352	NA
XM_067099160.1	M4	-0.3348	NA
XM_067082972.1	M4	-0.3347	NA
XM_067119601.1	M4	-0.3347	NA
XM_067133604.1	M4	-0.3334	NA
JP354024.1	M4	-0.3323	NA
EL609631.1	M4	-0.3319	NA
XM_067119047.1	M4	-0.3317	NA
XM_067103989.1	M4	-0.3313	NA
XM_067130482.1	M4	-0.3309	NA
XM_067093411.1	M4	-0.3307	NA
JP355322.1	M4	-0.3302	NA
XM_067087857.1	M4	-0.3299	NA
GH624107.1	M4	-0.3298	NA
JP353674.1	M4	-0.3294	NA
XM_067132605.1	M4	-0.3281	NA
XM_067094072.1	M4	-0.3276	NA
XM_067126941.1	M4	-0.3274	NA
JP353877.1	M4	-0.3273	NA
XM_067134587.1	M4	-0.3268	NA
EL695911.1	M4	-0.3263	NA
XM_067096804.1	M4	-0.3263	NA
XM_067129897.1	M4	-0.3262	NA
XM_067082557.1	M4	-0.3256	NA
XM_067129353.1	M4	-0.3253	NA
JP354906.1	M4	-0.3252	NA
XM_067128189.1	M4	-0.3249	NA
GH624919.1	M4	-0.3249	NA
XM_067108245.1	M4	-0.3238	NA
JZ905060.1	M4	-0.3236	NA
XM_067132732.1	M4	-0.3231	NA
XM_067084725.1	M4	-0.3231	NA
JP355674.1	M4	-0.3227	NA
XM_067107499.1	M4	-0.3225	NA
JP353911.1	M4	-0.3224	NA
JP354296.1	M4	-0.3223	NA
GH624151.1	M4	-0.3221	NA
GH625799.1	M4	-0.322	NA
XM_067112665.1	M4	-0.3218	NA
XM_067097976.1	M4	-0.3216	NA
XM_067092068.1	M4	-0.3215	NA
GH624920.1	M4	-0.3215	NA
GH625310.1	M4	-0.3211	NA
XM_067120060.1	M4	-0.3211	NA
XM_067105483.1	M4	-0.3208	NA
EL695962.1	M4	-0.3206	NA
GH625781.1	M4	-0.3202	NA
XM_067103168.1	M4	-0.3198	NA
XM_067122425.1	M4	-0.3197	NA
XM_067112455.1	M4	-0.3195	NA
XM_067122079.1	M4	-0.319	NA
XM_067105701.1	M4	-0.3187	NA
GH625641.1	M4	-0.3187	NA
XM_067133094.1	M4	-0.3182	NA
XM_067102939.1	M12	0.9169	NA
JP354756.1	M12	0.8952	NA
XM_067085794.1	M12	0.8896	NA
JP353498.1	M12	0.885	NA
GH625755.1	M12	0.876	NA
XM_067130384.1	M12	0.873	NA
XM_067098161.1	M12	0.8643	NA
JP353900.1	M12	0.8427	NA
JP354884.1	M12	0.8321	NA
XM_067090261.1	M12	0.8305	NA
JP353888.1	M12	0.8166	NA
XM_067103337.1	M12	0.8014	NA
GH625593.1	M13	0.2799	NA
GH624075.1	M13	0.2653	NA
XM_067101479.1	M13	0.2533	NA
XM_067113800.1	M13	0.2225	NA
XM_067106651.1	M13	0.2127	NA
XM_067115927.1	M13	0.2065	NA
XM_067116563.1	M13	-0.2024	NA
KY369132.1	M13	-0.1961	NA
XM_067130311.1	M13	0.1912	NA
XM_067123083.1	M13	0.1887	NA
XM_067128250.1	M13	0.1882	NA
XM_067128509.1	M13	0.1689	NA
XM_067133848.1	M10	0.5799	NA
XM_067124160.1	M10	0.5705	NA
XM_067099186.1	M10	0.5599	NA
JP354205.1	M10	0.5597	NA
JP353752.1	M10	0.5569	NA
XM_067087750.1	M10	0.5084	NA
XM_067134526.1	M10	0.4943	NA
EL609312.1	M10	0.484	NA
JP353869.1	M10	0.4617	NA
XM_067102940.1	M10	0.4605	NA
JP353759.1	M10	0.4442	NA
JP355160.1	M10	0.4301	NA
XM_067120083.1	M10	-0.4201	NA
XM_067120095.1	M10	0.4073	NA
XM_067099190.1	M10	0.4054	NA
JP355327.1	M10	0.4053	NA
XM_067134241.1	M10	0.3969	NA
XM_067121846.1	M10	0.3815	NA
JP354133.1	M10	0.3775	NA
XM_067116234.1	M10	0.3671	NA
XM_067101074.1	M10	0.3667	NA
XM_067113580.1	M7	-0.7367	NA
JP354355.1	M7	-0.6908	NA
XM_067118937.1	M7	-0.6716	NA
XM_067092523.1	M7	-0.6704	NA
XM_067099709.1	M7	-0.6533	NA
XM_067086995.1	M7	-0.6532	NA
XM_067115586.1	M7	-0.6483	NA
XM_067126570.1	M7	-0.6363	NA
XM_067122032.1	M7	-0.6224	NA
XM_067100306.1	M7	-0.621	NA
XM_067099445.1	M7	-0.6194	NA
XM_067134757.1	M7	-0.6193	NA
XM_067100850.1	M7	-0.6172	NA
XM_067084362.1	M7	-0.6155	NA
EL695673.1	M7	-0.6106	NA
XM_067081663.1	M7	-0.6097	NA
XM_067134083.1	M7	-0.6094	NA
XM_067090494.1	M7	-0.6069	NA
JP355235.1	M7	-0.6063	NA
PZ246843.1	M7	-0.6059	NA
XM_067088544.1	M7	-0.6043	NA
XM_067131642.1	M7	-0.5989	NA
XM_067122617.1	M7	-0.5956	NA
XM_067120642.1	M7	-0.5941	NA
JP351902.1	M7	-0.5928	NA
XM_067126525.1	M7	-0.5917	NA
XM_067101733.1	M7	-0.5914	NA
XM_067098533.1	M7	-0.5905	NA
XM_067123067.1	M7	-0.59	NA
XM_067125365.1	M7	-0.5877	NA
XM_067123090.1	M7	-0.5875	NA
XM_067122548.1	M7	-0.5873	NA
XM_067121420.1	M7	-0.5858	NA
XM_067133531.1	M7	-0.5836	NA
XM_067107689.1	M7	-0.5824	NA
XM_067121728.1	M7	-0.5805	NA
XM_067125569.1	M7	-0.5805	NA
XM_067115558.1	M7	-0.5805	NA
XM_067094859.1	M7	-0.5791	NA
XM_067116642.1	M7	-0.5784	NA
XM_067116119.1	M7	-0.5778	NA
XM_067093431.1	M7	-0.5767	NA
XM_067126664.1	M7	-0.5751	NA
XM_067119615.1	M7	-0.5744	NA
XM_067102906.1	M7	-0.5739	NA
XM_067105498.1	M7	-0.5739	NA
XM_067102307.1	M7	-0.5735	NA
KY474042.1	M7	-0.5733	NA
XM_067112269.1	M7	-0.5699	NA
XM_067097996.1	M7	-0.5684	NA
XM_067123051.1	M7	-0.5682	NA
XM_067109769.1	M7	-0.5681	NA
XM_067091504.1	M7	-0.5674	NA
XM_067096520.1	M7	-0.566	NA
XM_067084709.1	M7	-0.5638	NA
XM_067093432.1	M7	-0.5615	NA
XM_067084063.1	M7	-0.5605	NA
JP351775.1	M7	-0.5584	NA
XM_067087932.1	M7	-0.5581	NA
XM_067133701.1	M7	-0.5569	NA
XM_067082401.1	M7	-0.5567	NA
XM_067133991.1	M7	-0.5553	NA
XM_067110561.1	M7	-0.555	NA
XM_067091373.1	M5	0.7371	NA
XM_067108100.1	M5	0.665	NA
XM_067109378.1	M5	0.6529	NA
XM_067117388.1	M5	0.6433	NA
XM_067133680.1	M5	0.6427	NA
XM_067130554.1	M5	0.6216	NA
EL696489.1	M5	0.6011	NA
XM_067109310.1	M5	0.5983	NA
JP353031.1	M5	0.5893	NA
XM_067087229.1	M5	0.5778	NA
XM_067119135.1	M5	0.5764	NA
EL609861.1	M5	0.5743	NA
XM_067106890.1	M5	0.5711	NA
JP355143.1	M5	0.5622	NA
JP354689.1	M5	0.5523	NA
XM_067099241.1	M5	-0.5302	NA
XM_067116624.1	M5	0.504	NA
XM_067131043.1	M5	0.5026	NA
XM_067112926.1	M5	0.4838	NA
XM_067127153.1	M5	0.4808	NA
XM_067131210.1	M5	0.4792	NA
XM_067111291.1	M5	0.4723	NA
XM_067100587.1	M5	0.4635	NA
XM_067090454.1	M5	-0.4436	NA
JP355434.1	M5	0.4314	NA
XM_067127046.1	M5	0.4264	NA
EL696082.1	M5	0.4259	NA
EL609292.1	M5	-0.4128	NA
MT786657.1	M5	0.4099	NA
XM_067088817.1	M5	0.4084	NA
XM_067105481.1	M5	0.4044	NA
XM_067123721.1	M5	-0.3997	NA
XM_067093461.1	M5	0.3996	NA
XM_067099240.1	M5	-0.3986	NA
XM_067081244.1	M5	0.3891	NA
EL695947.1	M5	0.385	NA
XM_067084274.1	M5	0.3815	NA
JP355558.1	M5	0.3814	NA
XM_067119019.1	M5	0.3727	NA
XM_067122576.1	M5	0.3719	NA
XM_067104639.1	M5	0.3677	NA
JP354516.1	M5	0.3643	NA
XM_067104799.1	M5	0.3571	NA
JP355274.1	M5	0.3562	NA
XM_067127331.1	M5	0.3512	NA
EL695647.1	M5	0.3504	NA
XM_067121352.1	M5	-0.3493	NA
XM_067112921.1	M5	-0.3489	NA
JP353899.1	M5	0.3478	NA
EL609363.1	M5	0.3467	NA
XM_067120177.1	M5	0.3462	NA
XM_067132738.1	M5	0.343	NA
XM_067121093.1	M5	0.3408	NA
XM_067119051.1	M5	0.3395	NA
XM_067119926.1	M5	-0.3382	NA
XM_067107105.1	M5	0.3381	NA
XM_067099936.1	M5	0.3381	NA
XM_067129104.1	M5	0.338	NA
EL696133.1	M5	-0.3285	NA
XM_067132994.1	M5	-0.3279	NA
XM_067134689.1	M5	-0.3263	NA
XM_067126042.1	M5	0.3255	NA
XM_067113018.1	M5	0.325	NA
XM_067106687.1	M5	0.3241	NA
XM_067108664.1	M5	0.324	NA
XM_067114901.1	M5	0.3235	NA
GH625937.1	M5	0.3234	NA
EL696290.1	M5	0.3234	NA
XM_067095983.1	M5	0.3218	NA
XM_067111392.1	M5	0.3215	NA
XM_067120016.1	M5	0.3193	NA
XM_067134221.1	M5	0.3113	NA
KF443000.1	M5	0.3112	NA
XM_067085544.1	M5	0.3101	NA
XM_067132479.1	M5	0.3099	NA
XM_067110208.1	M5	-0.3095	NA
JP351935.1	M5	-0.309	NA
XM_067117498.1	M5	0.3086	NA
XM_067104321.1	M9	-0.4742	NA
XM_067116240.1	M9	0.4109	NA
GH625133.1	M9	-0.3956	NA
JP355481.1	M9	0.3806	NA
XM_067107408.1	M9	-0.3576	NA
EL609301.1	M9	-0.3477	NA
JP353039.1	M9	-0.342	NA
XM_067123936.1	M9	-0.3405	NA
JP355583.1	M9	-0.3344	NA
XM_067088257.1	M9	0.3336	NA
XM_067118948.1	M9	-0.3299	NA
EL696508.1	M9	-0.3177	NA
XM_067087148.1	M9	0.3168	NA
JP353295.1	M9	-0.307	NA
XM_067104348.1	M9	-0.3064	NA
XM_067133226.1	M9	-0.3026	NA
XM_067125310.1	M9	0.2997	NA
XM_067116648.1	M9	0.2959	NA
XM_067101583.1	M9	0.2853	NA
XM_067088631.1	M9	0.2843	NA
XM_067131710.1	M9	0.2808	NA
GH625333.1	M9	-0.2807	NA
XM_067082873.1	M9	0.2802	NA
XM_067101383.1	M14	0.5293	NA
XM_067082898.1	M14	0.5138	NA
XM_067110020.1	M14	0.4882	NA
EL695582.1	M14	0.4717	NA
JP353505.1	M14	0.447	NA
XM_067118034.1	M14	0.4311	NA
XM_067131225.1	M14	0.4222	NA
XM_067088694.1	M14	0.3973	NA
XM_067127262.1	M8	0.6207	NA
XM_067113377.1	M8	0.6161	NA
GH624888.1	M8	0.6044	NA
XM_067115866.1	M8	-0.5643	NA
XM_067122275.1	M8	0.5555	NA
XM_067097569.1	M8	0.5471	NA
XM_067102566.1	M8	0.5461	NA
XM_067115115.1	M8	0.542	NA
XM_067109730.1	M8	0.5379	NA
XM_067111961.1	M8	0.5375	NA
EL609023.1	M8	0.5292	NA
XM_067089811.1	M8	-0.519	NA
XM_067112639.1	M8	0.5182	NA
GH625546.1	M8	0.5031	NA
JP354074.1	M8	0.4916	NA
XM_067108896.1	M8	-0.4909	NA
XM_067106455.1	M8	0.4842	NA
XM_067115251.1	M8	0.4737	NA
EL696570.1	M8	0.4688	NA
XM_067089897.1	M8	-0.4596	NA
XM_067089739.1	M8	0.4559	NA
JP353163.1	M8	0.4553	NA
XM_067089858.1	M8	-0.4549	NA
XM_067131903.1	M8	0.4492	NA
XM_067129113.1	M8	0.4458	NA
XM_067088044.1	M8	0.4441	NA
XM_067104164.1	M8	-0.4438	NA
XM_067105356.1	M8	0.4428	NA
XM_067098803.1	M8	0.4421	NA
XM_067110811.1	M8	0.4418	NA
XM_067131458.1	M8	0.4359	NA
XM_067081221.1	M8	0.4354	NA
XM_067090613.1	M8	0.4299	NA
XM_067095700.1	M8	0.4249	NA
XM_067094591.1	M11	0.6	NA
XM_067124698.1	M11	0.5612	NA
JP355185.1	M11	0.5364	NA
XM_067095398.1	M11	0.5363	NA
XM_067110364.1	M11	0.5212	NA
XM_067100481.1	M11	0.5123	NA
XM_067104364.1	M11	0.5051	NA
XM_067083314.1	M11	0.5011	NA
XM_067133990.1	M11	0.4972	NA
XM_067109010.1	M11	0.4957	NA
XM_067129352.1	M11	0.4817	NA
XM_067123903.1	M11	0.4781	NA
GH625626.1	M19	0.7093	NA
EL609783.1	M19	0.6883	NA
EL609350.1	M19	0.6495	NA
EL695819.1	M19	0.6458	NA
EL609946.1	M15	-0.225	NA
XM_067098889.1	M15	-0.1753	NA
XM_067104980.1	M15	-0.1676	NA
XM_067089094.1	M15	-0.1671	NA
JP355071.1	M15	-0.1671	NA
XM_067097296.1	M15	-0.1597	NA
XM_067112666.1	M16	-0.2694	NA
JP354800.1	M16	0.2685	NA
XM_067095648.1	M16	0.2547	NA
XM_067128934.1	M16	0.2323	NA
EL696253.1	M16	-0.2052	NA
JP354788.1	M16	-0.2048	NA
XM_067130342.1	M18	0.8856	NA
XM_067103066.1	M18	0.7747	NA
JP355538.1	M18	0.7344	NA
JP355531.1	M18	0.7326	NA
