ME1	ME2	ME3	ME4	ME5	ME6	ME7	ME8	ME9	ME10	ME11	ME12	ME13	ME14	ME15	ME16	ME17	ME18	ME19	ME20
SRR21374326	-0.128272530746399	-0.169268138190209	-0.1629722607093	-0.107815057474319	-0.13228155122432	-0.0708904630592829	-0.0647925520518335	-0.0512344437992587	0.366091994419668	0.400596616576195	0.288819368636539	-0.0502919340901195	-0.0253326469489561	-0.0562937976447891	-0.0570058221834834	-0.0778862500640925	0.236771853455275	0.16833423755238	0.0968989757740693	0.221516455098263
SRR21374327	-0.143585868080336	-0.174422385809598	-0.165415105183744	-0.118717609214886	-0.200062316232098	-0.101677799936106	-0.135683711286603	-0.103850728986023	0.066687037981004	0.560400094476511	0.333299346785698	-0.0270125973937759	-0.0133900691538078	-0.107515817548018	-0.0449517689090837	-0.139427884816869	0.200825608668344	-0.0315583347535275	-0.0549645577850172	0.268812910624943
SRR21374328	-0.133879705452451	-0.212797096351236	-0.180687180650194	-0.14865324833295	-0.289381045500343	-0.0938374440804409	-0.165134614656241	-0.126234638169751	0.0341303548419474	0.2636001321431	0.075421824808613	-0.0833375762849741	-0.0430289689118753	-0.344205036516927	-0.101057669201398	-0.218971129467572	-0.0840319188908179	-0.103027808282627	-0.0980499333923917	0.18002706798457
SRR21374329	0.0410844893256108	0.19514980808494	0.590482333406975	0.286419294539942	-0.0859738188877617	-0.0754913674507881	-0.142670716638393	-0.106170672588084	-0.130322933321497	-0.123061180250986	-0.17870171933513	-0.065214315620619	-0.0456490174200765	-0.0764060043845689	0.0269779856168849	-0.0891553650579651	0.0251197191759009	-0.0601449432785115	0.0174123655305972	0.213872587193675
SRR21374330	0.00970164763144495	0.667100923255597	0.0117755660709706	0.0665105336028965	0.709446574585765	-0.0518363815314556	-0.0853283794629672	-0.0703975570966033	-0.00265000676517214	-0.0455379201101922	-0.100312330470219	-0.0410859623919293	-0.0597570621550202	0.132079220680017	0.0357989380984463	0.0415489351266361	0.48419817826838	0.0541463500482685	0.0216946541667041	0.122670389671497
SRR21374331	-0.0502445583601948	0.234917282595631	-0.0378798537809561	-0.058765259790909	0.0515516639028661	-0.0931422782771489	-0.17131218648786	-0.166531741637874	-0.102736622548937	-0.16337600263736	-0.219792133118268	-0.0978107382139953	-0.071594134351467	-0.137677646085831	-0.0630679387380244	-0.181286049583916	-0.0271853367957219	-0.127107883050834	-0.119338012867189	0.164962343439509
SRR21374332	-0.0843250832228743	0.163767407040267	-0.0489450443197681	-0.061597713646526	-0.0240973263502875	-0.0987119626608981	-0.18220141918151	-0.176958319219013	-0.132881099806211	-0.167846729303159	-0.230832651868838	-0.0991877391024939	-0.0791288724294203	-0.20159810277246	-0.0810301848634846	-0.212529445569246	-0.0654474040962155	-0.152206334605709	-0.107463929691546	0.196937922645727
SRR21374333	-0.0663268466211627	0.220689087229581	-0.00939207769433439	-0.0814048592000099	-0.0422778364928208	-0.0851290840272365	-0.171345769101644	-0.152457309618743	-0.11932291094136	-0.160045631734017	-0.221035372260359	-0.0917699608857718	-0.0800909139449139	-0.254658513880615	-0.0671148171406963	-0.187532291254437	-0.0295617480839354	-0.129013313839404	-0.105499102750552	0.225242132566644
SRR21374334	-0.107202405766943	-0.200763795836245	-0.161574594798257	-0.0766267270008682	0.154218468498866	0.125792654915197	0.347989902292479	-0.0329410359865209	-0.023712648404809	-0.118104593250381	0.093064416908533	-0.0967525865225473	-0.0845432641980005	-0.143391673927819	-0.092000316616969	0.152301111874988	-0.231794315459291	-0.0319217279288175	-0.115954220782393	-0.420424314377786
SRR21374335	-0.119344196827007	-0.224920015811649	-0.173659383885163	-0.137113074390253	0.107501989184721	0.0245982835781685	0.34280673706205	-0.019203063640839	-0.0974312250048103	-0.155671563462812	-0.0199497111863603	-0.10053350767395	-0.0788709725528116	-0.327030807149022	-0.123892392440821	0.062908468079683	-0.324885468240162	-0.0554392799937565	-0.163655580848445	-0.359111717521335
SRR21374336	-0.0854971095983782	-0.154913461341521	-0.148104910319672	-0.00063051251906294	0.252114248213247	0.0517585115173389	0.462076149967506	0.415511372514942	-0.0866480530648442	-0.0788299576044388	0.430803385730798	-0.051188272003905	-0.0239071340798925	0.235281317974802	0.00448027288757227	0.368350836256121	0.067335814675324	0.0513085496941778	-0.0342979007908558	-0.229975477322515
SRR21374337	-0.135975451743484	-0.211850100717164	-0.171355461341031	-0.103979781275252	0.0852894778629783	0.0303905394205031	0.272919123211823	0.0102463490936282	-0.0867095968607005	-0.132473438239304	0.0471622613054032	-0.082591274635094	-0.0574006368816977	-0.178357346542671	-0.0989250441259789	0.0883011345247163	-0.265836628093258	-0.0653541418651592	-0.130707476001535	-0.425687109262468
SRR21374338	-0.0155304294703597	-0.173267213133096	-0.15442089822398	-0.100495628746432	0.219547744456753	0.938088211026875	0.398716785302548	0.58627700162234	-0.0437259785113148	-0.0862511686504375	0.186417022978152	-0.0628775808937058	-0.0652609794439088	0.262879934307891	-0.0745885916520623	0.264416843801682	-0.14497825245874	0.0278007886642914	-0.104345122942539	-0.3328016618418
SRR21374339	0.0718466582850456	0.0434351491674379	0.329564063429137	0.885796037827441	-0.197014203105222	-0.107183020001157	-0.166623963507633	-0.179489791286272	-0.103058601121133	-0.165602532165172	-0.24170346963326	-0.102021708756337	-0.0738875326664231	-0.012355751704534	-0.0236320216518751	-0.158608875590474	-0.184413888329234	-0.156209400831413	-0.0701159403512376	-0.0382208601877435
SRR21374340	0.12346611566838	0.0735982631800588	0.37806541273911	0.0321092024770707	-0.132344686320296	-0.0658205043595985	-0.138914636236893	-0.070523915191102	-0.0848068071762091	-0.0867952466301289	-0.176179897181486	0.578433501047404	0.964606933891575	0.258705494114412	-0.00925864239263025	-0.0879623212922447	-0.0498652819925767	-0.0692195417833177	-0.0727785142656691	0.0587939762475062
SRR21374341	0.087695189963445	0.191927293259705	-0.0779626189776201	-0.00842562716030755	-0.0258602683964782	-0.086523099322445	-0.090285787511901	-0.0349568538778218	-0.0691776378942899	-0.026658911059191	-0.0713158078597836	-0.0478281797590127	-0.039426199937898	0.531390350460742	0.956774338642316	0.633710869603969	0.395377668314807	-0.0189166211446537	0.628704533075556	0.0774259476262023
SRR21374342	-0.113790511463753	-0.132260170057744	-0.131972546896889	-0.0841494818917694	0.11872284493596	-0.0165444499324059	0.12941498809484	0.522241560810445	0.00203781688464655	0.244478873603423	0.292140766142536	0.746570481016649	0.056034994417399	0.195829664805474	0.00197331208730636	0.207730304452748	0.273697597372559	0.881691821273247	0.657986542189249	0.0239375024332646
SRR21374343	-0.131042132274623	-0.171164872756904	-0.165791140658214	-0.0926620303400317	-0.118498849284477	-0.0531365627607333	-0.0712289176807034	0.0384780272898161	0.850512788383428	0.372196576210893	0.238921697840914	-0.0432653810477626	-0.0337863672512374	0.0440213887806561	-0.0712183997656955	-0.064159317489163	0.169317524234479	0.150619048304268	0.00336401729948851	0.0432896617033665
SRR21374344	0.0796383372211918	0.00191589508371995	0.315787379460696	-0.0245140603746094	-0.256687725725827	-0.10488994365543	-0.191286734737441	-0.17149179160936	-0.113570994700088	-0.174246434710893	-0.275390477499285	-0.0955593417883425	-0.0697997256573449	0.211018556236774	-0.0676912596603264	-0.219128852524323	-0.271409457949693	-0.181803539976486	-0.151751412073707	-0.0444662878245067
SRR21374345	0.901584391532847	0.0331261411084279	0.164458322332235	-0.065284397089164	-0.193913384121225	-0.0658138394029549	-0.177114297389623	-0.110312448623905	-0.122704876389317	-0.15677098320165	-0.250836520724197	-0.0866753249997182	-0.0757874303242224	-0.0317154292035109	-0.0505699779899966	-0.182620721010241	-0.173234263775422	-0.151977924202414	-0.097139383492588	0.0531985311029858
