taxon_idx	jumper_raw	laggard_raw	jumper_rel_abund	laggard_rel_abund	log2FC_posterior_mean	log2FC_posterior_median	log2FC_ci95_lower	log2FC_ci95_upper	log2FC_posterior_std	p_jumper_enriched	p_laggard_enriched	direction_bayesian	ci_excludes_zero	n_mcmc	taxon
0	0	1	0.0	0.1965	-1.5165	-1.3493	-6.2903	2.2998	2.1495	0.239	0.761	Laggard-exclusive (low-count)	False	20000	Acinetobacter chinensis
1	0	2	0.0	0.3929	-2.2349	-2.0425	-6.8133	1.1966	2.0359	0.1155	0.8844	Laggard-exclusive (low-count)	False	20000	Acinetobacter indicus
2	0	9	0.0	1.7682	-4.1619	-3.8779	-8.7073	-1.2628	1.8899	0.001	0.999	Laggard-enriched	True	20000	Aeromonas dhakensis
3	0	6	0.0	1.1788	-3.6302	-3.3653	-8.1362	-0.6328	1.9164	0.0053	0.9948	Laggard-enriched	True	20000	Aeromonas lusitana
4	1	0	0.1862	0.0	1.3471	1.1885	-2.4973	6.0689	2.1481	0.7378	0.2622	Jumper-exclusive (low-count)	False	20000	Agarivorans gilvus
5	1	0	0.1862	0.0	1.343	1.1984	-2.4853	6.1642	2.1514	0.7365	0.2636	Jumper-exclusive (low-count)	False	20000	Alcanivorax jadensis
6	0	1	0.0	0.1965	-1.525	-1.3484	-6.3444	2.3129	2.1746	0.2344	0.7656	Laggard-exclusive (low-count)	False	20000	Anatilimnocola aggregata
7	9	0	1.676	0.0	4.0039	3.7275	1.1012	8.4151	1.8742	0.9992	0.0008	Jumper-enriched	True	20000	Arcticibacterium luteifluviistationis
8	0	1	0.0	0.1965	-1.5228	-1.3665	-6.2591	2.295	2.1393	0.2327	0.7673	Laggard-exclusive (low-count)	False	20000	Azomonas agilis
9	0	1	0.0	0.1965	-1.5249	-1.3689	-6.2111	2.3352	2.1546	0.2355	0.7645	Laggard-exclusive (low-count)	False	20000	Azotobacter nigricans
10	0	2	0.0	0.3929	-2.2148	-2.0084	-6.9555	1.2416	2.0403	0.1164	0.8835	Laggard-exclusive (low-count)	False	20000	Brachybacterium aquaticum
11	0	1	0.0	0.1965	-1.5366	-1.3769	-6.3932	2.3116	2.1661	0.2349	0.7651	Laggard-exclusive (low-count)	False	20000	Brenneria rubrifaciens
12	0	5	0.0	0.9823	-3.3588	-3.0968	-7.9082	-0.3071	1.9216	0.0134	0.9867	Laggard-enriched	True	20000	Brevundimonas aurantiaca
13	0	1	0.0	0.1965	-1.5009	-1.3353	-6.2652	2.3048	2.1516	0.2401	0.76	Laggard-exclusive (low-count)	False	20000	Brevundimonas kwangchunensis
14	1	0	0.1862	0.0	1.348	1.1903	-2.5223	6.1491	2.1742	0.7337	0.2663	Jumper-exclusive (low-count)	False	20000	Buchnera aphidicola
15	1	0	0.1862	0.0	1.387	1.2096	-2.4874	6.2724	2.1927	0.7403	0.2596	Jumper-exclusive (low-count)	False	20000	Citrobacter bitternis
16	0	4	0.0	0.7859	-3.0706	-2.8355	-7.5969	0.0431	1.938	0.027	0.973	Laggard-enriched	False	20000	Citrobacter freundii
17	13	2	2.4209	0.3929	2.3461	2.2595	0.6454	4.4998	0.9801	0.997	0.0031	Jumper-enriched	True	20000	Citrobacter koseri
18	2	1	0.3724	0.1965	0.6294	0.5745	-2.1897	3.6948	1.475	0.6661	0.334	Jumper-leaning (uncertain)	False	20000	Cronobacter muytjensii
19	0	7	0.0	1.3752	-3.8027	-3.5528	-8.3407	-0.7938	1.9083	0.0035	0.9965	Laggard-enriched	True	20000	Cupriavidus necator
20	0	2	0.0	0.3929	-2.2316	-2.0169	-6.9177	1.1948	2.0429	0.1161	0.8839	Laggard-exclusive (low-count)	False	20000	Cupriavidus plantarum
21	0	1	0.0	0.1965	-1.5217	-1.3602	-6.3899	2.2974	2.1645	0.2381	0.762	Laggard-exclusive (low-count)	False	20000	Cupriavidus yeoncheonensis
22	0	91	0.0	17.8782	-7.4227	-7.1336	-11.8921	-4.7239	1.8368	0.0	1.0	Laggard-enriched	True	20000	Cutibacterium acnes
23	0	9	0.0	1.7682	-4.1324	-3.8641	-8.6439	-1.2385	1.8807	0.0008	0.9992	Laggard-enriched	True	20000	Cutibacterium namnetense
24	1	0	0.1862	0.0	1.3866	1.2172	-2.5001	6.2452	2.1839	0.7378	0.2622	Jumper-exclusive (low-count)	False	20000	Cyclobacterium qasimii
25	1	0	0.1862	0.0	1.3975	1.2244	-2.4517	6.2496	2.1728	0.7423	0.2577	Jumper-exclusive (low-count)	False	20000	Dyadobacter sediminis
26	3	0	0.5587	0.0	2.5706	2.3171	-0.6804	7.2788	1.9944	0.9325	0.0675	Jumper-exclusive (low-count)	False	20000	Emticicia soli
27	15	0	2.7933	0.0	4.6872	4.408	1.8812	9.1228	1.852	1.0	0.0001	Jumper-enriched	True	20000	Endothiovibrio diazotrophicus
28	1	0	0.1862	0.0	1.3709	1.1795	-2.4886	6.216	2.1707	0.7401	0.2599	Jumper-exclusive (low-count)	False	20000	Enterobacter asburiae
29	0	1	0.0	0.1965	-1.5417	-1.3793	-6.3722	2.3365	2.181	0.236	0.764	Laggard-exclusive (low-count)	False	20000	Enterobacter cloacae
30	1	1	0.1862	0.1965	-0.0922	-0.0984	-3.3355	3.1706	1.6392	0.4739	0.5261	Laggard-leaning (uncertain)	False	20000	Enterobacter mori
31	0	2	0.0	0.3929	-2.2369	-2.0175	-6.928	1.1505	2.024	0.1142	0.8858	Laggard-exclusive (low-count)	False	20000	Entomohabitans teleogrylli
32	0	1	0.0	0.1965	-1.5189	-1.3322	-6.3781	2.3302	2.1809	0.2395	0.7605	Laggard-exclusive (low-count)	False	20000	Entomomonas moraniae
33	3	1	0.5587	0.1965	1.1339	1.0668	-1.4029	4.0723	1.3872	0.7996	0.2004	Jumper-leaning (uncertain)	False	20000	Erwinia piriflorinigrans
34	1	20	0.1862	3.9293	-3.8236	-3.6973	-6.566	-1.8356	1.2023	0.0	1.0	Laggard-enriched	True	20000	Exiguobacterium aestuarii
35	0	3	0.0	0.5894	-2.7348	-2.496	-7.408	0.5285	1.9911	0.0557	0.9443	Laggard-exclusive (low-count)	False	20000	Exiguobacterium alkaliphilum
36	0	3	0.0	0.5894	-2.734	-2.4876	-7.3708	0.4997	1.9776	0.0541	0.9458	Laggard-exclusive (low-count)	False	20000	Exiguobacterium marinum
37	0	1	0.0	0.1965	-1.516	-1.3461	-6.341	2.382	2.188	0.2377	0.7623	Laggard-exclusive (low-count)	False	20000	Exiguobacterium undae
38	0	1	0.0	0.1965	-1.5333	-1.3698	-6.4185	2.3718	2.1998	0.2367	0.7632	Laggard-exclusive (low-count)	False	20000	Flavobacterium caeni
39	0	1	0.0	0.1965	-1.5154	-1.3717	-6.306	2.3625	2.1603	0.2397	0.7602	Laggard-exclusive (low-count)	False	20000	Flavobacterium dongtanense
40	0	1	0.0	0.1965	-1.5032	-1.333	-6.3997	2.3554	2.1752	0.2397	0.7602	Laggard-exclusive (low-count)	False	20000	Flavobacterium enshiense
41	3	12	0.5587	2.3576	-1.9065	-1.8617	-3.7141	-0.3356	0.8615	0.0072	0.9928	Laggard-enriched	True	20000	Flavobacterium haoranii
42	8	0	1.4898	0.0	3.8456	3.5681	0.8916	8.4563	1.9228	0.9977	0.0024	Jumper-enriched	True	20000	Flavobacterium jumunjinense
43	0	1	0.0	0.1965	-1.5168	-1.3696	-6.2606	2.3742	2.1713	0.2392	0.7608	Laggard-exclusive (low-count)	False	20000	Flavobacterium luticocti
44	0	1	0.0	0.1965	-1.5171	-1.3436	-6.3344	2.3267	2.1677	0.2369	0.7631	Laggard-exclusive (low-count)	False	20000	Flavobacterium palustre
45	1	0	0.1862	0.0	1.3462	1.1857	-2.4495	6.1977	2.1479	0.7336	0.2665	Jumper-exclusive (low-count)	False	20000	Flavobacterium phocarum
46	2	0	0.3724	0.0	2.0654	1.8472	-1.316	6.667	2.0221	0.8654	0.1346	Jumper-exclusive (low-count)	False	20000	Flavobacterium silvisoli
47	0	1	0.0	0.1965	-1.5156	-1.3339	-6.3967	2.3097	2.1899	0.2399	0.7601	Laggard-exclusive (low-count)	False	20000	Flavobacterium xanthum
48	1	0	0.1862	0.0	1.3601	1.1881	-2.5196	6.2037	2.173	0.7356	0.2645	Jumper-exclusive (low-count)	False	20000	Fluviimonas pallidilutea
49	2	0	0.3724	0.0	2.0633	1.8382	-1.3775	6.8456	2.045	0.8627	0.1373	Jumper-exclusive (low-count)	False	20000	Franconibacter helveticus
50	0	1	0.0	0.1965	-1.4992	-1.3457	-6.3487	2.3294	2.1619	0.2374	0.7625	Laggard-exclusive (low-count)	False	20000	Gemmata massiliana
51	1	0	0.1862	0.0	1.3433	1.1944	-2.5359	6.2051	2.157	0.7335	0.2666	Jumper-exclusive (low-count)	False	20000	Haliea alexandrii
52	1	0	0.1862	0.0	1.3655	1.1825	-2.4503	6.2293	2.1636	0.7377	0.2623	Jumper-exclusive (low-count)	False	20000	Haloferula luteola
53	0	1	0.0	0.1965	-1.5006	-1.3528	-6.2581	2.397	2.152	0.2379	0.7621	Laggard-exclusive (low-count)	False	20000	Halopseudomonas pelagia
54	0	1	0.0	0.1965	-1.5013	-1.3255	-6.3069	2.327	2.147	0.2361	0.764	Laggard-exclusive (low-count)	False	20000	Hansschlegelia beijingensis
55	1	0	0.1862	0.0	1.3719	1.24	-2.5701	6.1372	2.17	0.7398	0.2602	Jumper-exclusive (low-count)	False	20000	Insectihabitans xujianqingii
56	0	2	0.0	0.3929	-2.2355	-2.0321	-6.7505	1.1866	2.0135	0.1115	0.8885	Laggard-exclusive (low-count)	False	20000	Janibacter endophyticus
57	298	17	55.4935	3.3399	4.0183	4.0064	3.3764	4.7271	0.3433	1.0	0.0	Jumper-enriched	True	20000	Jiulongibacter sediminis
58	1	0	0.1862	0.0	1.3392	1.1766	-2.5141	6.119	2.1555	0.734	0.266	Jumper-exclusive (low-count)	False	20000	Klebsiella quasipneumoniae
59	1	0	0.1862	0.0	1.3986	1.2351	-2.4281	6.1909	2.1614	0.7422	0.2577	Jumper-exclusive (low-count)	False	20000	Klebsiella quasivariicola
60	34	9	6.3315	1.7682	1.7848	1.7652	0.824	2.8688	0.5204	0.9999	0.0001	Jumper-enriched	True	20000	Klebsiella variicola
61	2	0	0.3724	0.0	2.1018	1.8826	-1.331	6.7208	2.0383	0.8668	0.1333	Jumper-exclusive (low-count)	False	20000	Kluyvera ascorbata
62	2	2	0.3724	0.3929	-0.0813	-0.0877	-2.59	2.4575	1.2748	0.4698	0.5302	Laggard-leaning (uncertain)	False	20000	Kluyvera georgiana
63	0	1	0.0	0.1965	-1.5236	-1.3692	-6.3326	2.3364	2.1724	0.2397	0.7602	Laggard-exclusive (low-count)	False	20000	Kosakonia arachidis
64	1	0	0.1862	0.0	1.3644	1.1977	-2.4526	6.1519	2.1799	0.7327	0.2673	Jumper-exclusive (low-count)	False	20000	Kytococcus sedentarius
65	4	3	0.7449	0.5894	0.2752	0.2692	-1.7093	2.3169	1.0175	0.6067	0.3933	Jumper-leaning (uncertain)	False	20000	Leclercia pneumoniae
66	0	2	0.0	0.3929	-2.2283	-2.0217	-6.8883	1.2268	2.039	0.1157	0.8843	Laggard-exclusive (low-count)	False	20000	Lewinella cohaerens
67	0	1	0.0	0.1965	-1.4929	-1.3381	-6.257	2.2929	2.1498	0.2428	0.7572	Laggard-exclusive (low-count)	False	20000	Limnoglobus roseus
68	0	1	0.0	0.1965	-1.5137	-1.3484	-6.4451	2.4126	2.1912	0.2363	0.7637	Laggard-exclusive (low-count)	False	20000	Luminiphilus syltensis
69	0	1	0.0	0.1965	-1.5155	-1.34	-6.3195	2.3143	2.1649	0.2378	0.7622	Laggard-exclusive (low-count)	False	20000	Luteimonas abyssi
70	0	5	0.0	0.9823	-3.3843	-3.1354	-7.8715	-0.3217	1.9192	0.0127	0.9873	Laggard-enriched	True	20000	Lysobacter brunescens
71	1	0	0.1862	0.0	1.3455	1.1647	-2.5314	6.2286	2.1654	0.7365	0.2635	Jumper-exclusive (low-count)	False	20000	Mangrovibacter plantisponsor
72	1	0	0.1862	0.0	1.3608	1.1844	-2.5282	6.1602	2.1735	0.737	0.263	Jumper-exclusive (low-count)	False	20000	Maribius pelagius
73	3	12	0.5587	2.3576	-1.9102	-1.8634	-3.7586	-0.3499	0.8609	0.0072	0.9928	Laggard-enriched	True	20000	Mariniblastus fucicola
74	2	1	0.3724	0.1965	0.64	0.5768	-2.1255	3.7754	1.4719	0.6645	0.3355	Jumper-leaning (uncertain)	False	20000	Marivita roseacus
75	0	4	0.0	0.7859	-3.0897	-2.8389	-7.6327	0.0402	1.9376	0.0273	0.9727	Laggard-enriched	False	20000	Massilia agri
76	0	2	0.0	0.3929	-2.2337	-2.0169	-6.8815	1.2024	2.0361	0.1158	0.8842	Laggard-exclusive (low-count)	False	20000	Massilia alkalitolerans
77	0	11	0.0	2.1611	-4.4222	-4.1491	-8.9718	-1.5534	1.8716	0.0001	0.9999	Laggard-enriched	True	20000	Massilia arenae
78	0	1	0.0	0.1965	-1.5221	-1.3504	-6.3234	2.2843	2.1666	0.2332	0.7668	Laggard-exclusive (low-count)	False	20000	Massilia arvi
79	0	3	0.0	0.5894	-2.7096	-2.4544	-7.3486	0.5382	1.9977	0.0584	0.9416	Laggard-exclusive (low-count)	False	20000	Massilia haematophila
80	0	6	0.0	1.1788	-3.6324	-3.3775	-8.2518	-0.5931	1.9343	0.0069	0.9931	Laggard-enriched	True	20000	Massilia niastensis
81	0	1	0.0	0.1965	-1.5333	-1.3713	-6.3832	2.3381	2.176	0.2382	0.7619	Laggard-exclusive (low-count)	False	20000	Massilia norwichensis
82	0	1	0.0	0.1965	-1.5199	-1.3598	-6.2977	2.2914	2.1545	0.2357	0.7642	Laggard-exclusive (low-count)	False	20000	Massilia pinisoli
83	0	1	0.0	0.1965	-1.5273	-1.3534	-6.3374	2.3085	2.1637	0.2341	0.7659	Laggard-exclusive (low-count)	False	20000	Massilia rhizosphaerae
84	0	8	0.0	1.5717	-3.9821	-3.7193	-8.4475	-1.0741	1.8731	0.001	0.999	Laggard-enriched	True	20000	Massilia terrae
85	0	1	0.0	0.1965	-1.5174	-1.3586	-6.3415	2.3072	2.1643	0.2374	0.7627	Laggard-exclusive (low-count)	False	20000	Massilia yuzhufengensis
86	1	0	0.1862	0.0	1.3513	1.2133	-2.5135	6.0692	2.1546	0.7379	0.2621	Jumper-exclusive (low-count)	False	20000	Mesorhizobium septentrionale
87	2	0	0.3724	0.0	2.098	1.864	-1.2879	6.7522	2.0445	0.8679	0.1321	Jumper-exclusive (low-count)	False	20000	Methylococcus capsulatus
88	1	0	0.1862	0.0	1.3582	1.2011	-2.4472	6.1376	2.1524	0.7382	0.2617	Jumper-exclusive (low-count)	False	20000	Methylotenera mobilis
89	0	1	0.0	0.1965	-1.5348	-1.3812	-6.3102	2.2712	2.1638	0.2349	0.7651	Laggard-exclusive (low-count)	False	20000	Methylovulum psychrotolerans
90	0	2	0.0	0.3929	-2.2276	-2.0246	-6.8479	1.1871	2.0157	0.1135	0.8864	Laggard-exclusive (low-count)	False	20000	Moraxella atlantae
91	0	2	0.0	0.3929	-2.2185	-2.0069	-6.9284	1.2411	2.042	0.1161	0.8839	Laggard-exclusive (low-count)	False	20000	Moraxella lacunata
92	1	35	0.1862	6.8762	-4.626	-4.5042	-7.3099	-2.6694	1.1831	0.0	1.0	Laggard-enriched	True	20000	Moraxella osloensis
93	0	1	0.0	0.1965	-1.5168	-1.362	-6.3419	2.3397	2.166	0.2371	0.7629	Laggard-exclusive (low-count)	False	20000	Moritella profunda
94	1	1	0.1862	0.1965	-0.0702	-0.0678	-3.3295	3.1698	1.6386	0.4824	0.5177	Laggard-leaning (uncertain)	False	20000	Mucilaginibacter koreensis
95	1	0	0.1862	0.0	1.3804	1.2037	-2.4853	6.3574	2.1852	0.7379	0.2621	Jumper-exclusive (low-count)	False	20000	Novispirillum itersonii
96	2	0	0.3724	0.0	2.0736	1.8763	-1.3853	6.6832	2.032	0.8646	0.1354	Jumper-exclusive (low-count)	False	20000	Pantoea agglomerans
97	0	1	0.0	0.1965	-1.4913	-1.3235	-6.2151	2.3496	2.1605	0.2427	0.7573	Laggard-exclusive (low-count)	False	20000	Pantoea alhagi
98	3	0	0.5587	0.0	2.574	2.3325	-0.6754	7.2815	1.9916	0.932	0.068	Jumper-exclusive (low-count)	False	20000	Pantoea dispersa
99	0	1	0.0	0.1965	-1.5036	-1.3529	-6.251	2.3222	2.1673	0.2398	0.7602	Laggard-exclusive (low-count)	False	20000	Paraburkholderia pallida
100	1	0	0.1862	0.0	1.3823	1.2156	-2.4051	6.2172	2.1602	0.7371	0.2629	Jumper-exclusive (low-count)	False	20000	Paracoccus salipaludis
101	17	14	3.1657	2.7505	0.1982	0.1979	-0.7785	1.1899	0.5033	0.6496	0.3503	Jumper-leaning (uncertain)	False	20000	Pectobacterium cacticida
102	3	0	0.5587	0.0	2.5597	2.3164	-0.6677	7.0528	1.9753	0.9332	0.0668	Jumper-exclusive (low-count)	False	20000	Pectobacterium polaris
103	1	0	0.1862	0.0	1.3367	1.1741	-2.5266	6.153	2.1737	0.7322	0.2677	Jumper-exclusive (low-count)	False	20000	Pelagerythrobacter marensis
104	1	0	0.1862	0.0	1.3594	1.1817	-2.4214	6.1383	2.1478	0.7349	0.2651	Jumper-exclusive (low-count)	False	20000	Peptoniphilus faecalis
105	1	0	0.1862	0.0	1.3647	1.1938	-2.4894	6.2307	2.175	0.733	0.267	Jumper-exclusive (low-count)	False	20000	Phaeocystidibacter luteus
106	3	0	0.5587	0.0	2.5549	2.2911	-0.6209	7.1277	1.9679	0.9352	0.0649	Jumper-exclusive (low-count)	False	20000	Phaeodactylibacter luteus
107	2	0	0.3724	0.0	2.0762	1.8608	-1.3661	6.728	2.0421	0.8642	0.1358	Jumper-exclusive (low-count)	False	20000	Phycisphaera mikurensis
108	1	0	0.1862	0.0	1.3463	1.181	-2.4846	6.131	2.1615	0.7359	0.2641	Jumper-exclusive (low-count)	False	20000	Phytobacter diazotrophicus
109	2	2	0.3724	0.3929	-0.0665	-0.0728	-2.6024	2.505	1.2813	0.4768	0.5232	Laggard-leaning (uncertain)	False	20000	Pluralibacter pyrinus
110	1	0	0.1862	0.0	1.3389	1.1835	-2.4565	6.2469	2.1575	0.7329	0.2671	Jumper-exclusive (low-count)	False	20000	Pontibacter roseus
111	3	0	0.5587	0.0	2.5644	2.3373	-0.7129	7.1309	1.9901	0.9291	0.0709	Jumper-exclusive (low-count)	False	20000	Proteus faecis
112	1	3	0.1862	0.5894	-1.2964	-1.2289	-4.2609	1.2514	1.3953	0.1679	0.832	Laggard-leaning (uncertain)	False	20000	Providencia stuartii
113	1	0	0.1862	0.0	1.3692	1.1811	-2.4242	6.1616	2.1392	0.7399	0.2601	Jumper-exclusive (low-count)	False	20000	Pseudoalteromonas arabiensis
114	2	0	0.3724	0.0	2.0519	1.8403	-1.3967	6.6761	2.0296	0.8615	0.1385	Jumper-exclusive (low-count)	False	20000	Pseudoalteromonas fenneropenaei
115	1	0	0.1862	0.0	1.3358	1.1794	-2.4974	6.1099	2.143	0.734	0.266	Jumper-exclusive (low-count)	False	20000	Pseudoalteromonas luteoviolacea
116	1	0	0.1862	0.0	1.3457	1.1704	-2.5024	6.1867	2.1648	0.7325	0.2675	Jumper-exclusive (low-count)	False	20000	Pseudoalteromonas peptidolytica
117	10	0	1.8622	0.0	4.132	3.8464	1.2766	8.6188	1.8754	0.9995	0.0005	Jumper-enriched	True	20000	Pseudoalteromonas phenolica
118	1	0	0.1862	0.0	1.3694	1.191	-2.4255	6.2233	2.1653	0.7376	0.2625	Jumper-exclusive (low-count)	False	20000	Pseudoalteromonas telluritireducens
119	1	0	0.1862	0.0	1.3806	1.2045	-2.4732	6.2599	2.1809	0.739	0.261	Jumper-exclusive (low-count)	False	20000	Pseudoalteromonas translucida
120	1	0	0.1862	0.0	1.346	1.2019	-2.4857	6.1411	2.1654	0.7338	0.2662	Jumper-exclusive (low-count)	False	20000	Pseudoalteromonas xiamenensis
121	0	8	0.0	1.5717	-3.9982	-3.7213	-8.5945	-1.0834	1.9085	0.0015	0.9984	Laggard-enriched	True	20000	Pseudomonas aeruginosa
122	2	5	0.3724	0.9823	-1.2087	-1.1705	-3.4873	0.8386	1.0867	0.125	0.875	Laggard-leaning (uncertain)	False	20000	Pseudomonas alcaligenes
123	0	13	0.0	2.554	-4.6363	-4.3651	-9.0555	-1.7933	1.8567	0.0	1.0	Laggard-enriched	True	20000	Pseudomonas alkylphenolica
124	0	1	0.0	0.1965	-1.5433	-1.3695	-6.4444	2.3285	2.1892	0.2357	0.7642	Laggard-exclusive (low-count)	False	20000	Pseudomonas alloputida
125	2	0	0.3724	0.0	2.0908	1.8893	-1.3362	6.7502	2.0375	0.8667	0.1333	Jumper-exclusive (low-count)	False	20000	Pseudomonas arcuscaelestis
126	0	13	0.0	2.554	-4.6537	-4.367	-9.0971	-1.8036	1.8606	0.0	1.0	Laggard-enriched	True	20000	Pseudomonas azotoformans
127	0	3	0.0	0.5894	-2.6988	-2.4572	-7.3599	0.5405	1.9814	0.0563	0.9437	Laggard-exclusive (low-count)	False	20000	Pseudomonas bijieensis
128	0	1	0.0	0.1965	-1.5172	-1.3433	-6.368	2.3521	2.1737	0.2363	0.7637	Laggard-exclusive (low-count)	False	20000	Pseudomonas carbonaria
129	0	2	0.0	0.3929	-2.2303	-1.9984	-6.9467	1.1866	2.0422	0.1155	0.8844	Laggard-exclusive (low-count)	False	20000	Pseudomonas caricapapayae
130	0	2	0.0	0.3929	-2.2485	-2.0174	-6.9243	1.1593	2.0445	0.1137	0.8863	Laggard-exclusive (low-count)	False	20000	Pseudomonas delhiensis
131	0	1	0.0	0.1965	-1.5395	-1.3722	-6.3474	2.2558	2.1495	0.2323	0.7677	Laggard-exclusive (low-count)	False	20000	Pseudomonas duriflava
132	0	1	0.0	0.1965	-1.5343	-1.3554	-6.3383	2.3357	2.1787	0.2346	0.7654	Laggard-exclusive (low-count)	False	20000	Pseudomonas extremorientalis
133	0	2	0.0	0.3929	-2.2429	-2.0445	-6.9489	1.2115	2.0549	0.1176	0.8824	Laggard-exclusive (low-count)	False	20000	Pseudomonas fluvialis
134	0	1	0.0	0.1965	-1.4863	-1.2955	-6.2273	2.3475	2.1553	0.2387	0.7613	Laggard-exclusive (low-count)	False	20000	Pseudomonas frederiksbergensis
135	0	4	0.0	0.7859	-3.0897	-2.8497	-7.5793	0.054	1.9426	0.028	0.972	Laggard-enriched	False	20000	Pseudomonas guangdongensis
136	0	3	0.0	0.5894	-2.7059	-2.4687	-7.3211	0.5301	1.9788	0.0559	0.9441	Laggard-exclusive (low-count)	False	20000	Pseudomonas humi
137	0	2	0.0	0.3929	-2.2489	-2.0276	-6.9655	1.2159	2.0634	0.1162	0.8838	Laggard-exclusive (low-count)	False	20000	Pseudomonas luteola
138	0	6	0.0	1.1788	-3.6025	-3.3327	-8.119	-0.6309	1.9041	0.0071	0.9929	Laggard-enriched	True	20000	Pseudomonas marincola
139	0	2	0.0	0.3929	-2.2323	-2.0082	-6.9125	1.1553	2.0358	0.1132	0.8868	Laggard-exclusive (low-count)	False	20000	Pseudomonas massiliensis
140	0	1	0.0	0.1965	-1.529	-1.3377	-6.4192	2.2751	2.1825	0.2349	0.7651	Laggard-exclusive (low-count)	False	20000	Pseudomonas mediterranea
141	0	3	0.0	0.5894	-2.7176	-2.4967	-7.2991	0.5088	1.9681	0.0562	0.9438	Laggard-exclusive (low-count)	False	20000	Pseudomonas mendocina
142	0	2	0.0	0.3929	-2.244	-2.0178	-6.8461	1.1747	2.035	0.1136	0.8864	Laggard-exclusive (low-count)	False	20000	Pseudomonas mucidolens
143	0	3	0.0	0.5894	-2.6991	-2.451	-7.2264	0.4932	1.971	0.0539	0.946	Laggard-exclusive (low-count)	False	20000	Pseudomonas oleovorans
144	0	1	0.0	0.1965	-1.5096	-1.3552	-6.359	2.3054	2.1599	0.2371	0.763	Laggard-exclusive (low-count)	False	20000	Pseudomonas oryzae
145	0	19	0.0	3.7328	-5.197	-4.9118	-9.7322	-2.4041	1.8587	0.0	1.0	Laggard-enriched	True	20000	Pseudomonas oryzihabitans
146	0	1	0.0	0.1965	-1.5274	-1.3424	-6.3581	2.3287	2.1807	0.2366	0.7634	Laggard-exclusive (low-count)	False	20000	Pseudomonas pharmacofabricae
147	0	1	0.0	0.1965	-1.5327	-1.3679	-6.4146	2.2943	2.1645	0.2341	0.7659	Laggard-exclusive (low-count)	False	20000	Pseudomonas phenolilytica
148	0	1	0.0	0.1965	-1.4979	-1.3463	-6.218	2.3101	2.1402	0.2361	0.7639	Laggard-exclusive (low-count)	False	20000	Pseudomonas psychrophila
149	0	1	0.0	0.1965	-1.5219	-1.3451	-6.3525	2.2874	2.1573	0.2368	0.7632	Laggard-exclusive (low-count)	False	20000	Pseudomonas putida
150	1	0	0.1862	0.0	1.354	1.1773	-2.5286	6.2133	2.1879	0.7323	0.2676	Jumper-exclusive (low-count)	False	20000	Pseudomonas saponiphila
151	0	4	0.0	0.7859	-3.0593	-2.7904	-7.634	0.0357	1.9465	0.0267	0.9732	Laggard-enriched	False	20000	Pseudomonas savastanoi
152	0	2	0.0	0.3929	-2.2359	-2.0164	-6.9374	1.2272	2.0455	0.1127	0.8873	Laggard-exclusive (low-count)	False	20000	Pseudomonas schmalbachii
153	0	2	0.0	0.3929	-2.2312	-2.034	-6.8949	1.2289	2.0306	0.1139	0.8861	Laggard-exclusive (low-count)	False	20000	Pseudomonas seleniipraecipitans
154	0	2	0.0	0.3929	-2.2397	-2.0192	-6.9405	1.1407	2.0266	0.1115	0.8885	Laggard-exclusive (low-count)	False	20000	Pseudomonas syringae
155	0	1	0.0	0.1965	-1.5131	-1.358	-6.2931	2.3278	2.1471	0.2364	0.7637	Laggard-exclusive (low-count)	False	20000	Pseudomonas tarimensis
156	1	2	0.1862	0.3929	-0.789	-0.7556	-3.8448	1.9944	1.4679	0.2959	0.704	Laggard-leaning (uncertain)	False	20000	Pseudomonas tianjinensis
157	0	1	0.0	0.1965	-1.5144	-1.3358	-6.4638	2.3725	2.1887	0.2384	0.7617	Laggard-exclusive (low-count)	False	20000	Pseudomonas tolaasii
158	0	4	0.0	0.7859	-3.0555	-2.7951	-7.6868	0.0454	1.9497	0.0272	0.9728	Laggard-enriched	False	20000	Pseudomonas viridiflava
159	0	4	0.0	0.7859	-3.0663	-2.8178	-7.6536	0.0893	1.9497	0.0288	0.9712	Laggard-enriched	False	20000	Pseudomonas zeshuii
160	1	1	0.1862	0.1965	-0.0698	-0.0644	-3.3157	3.1945	1.6289	0.4839	0.5161	Laggard-leaning (uncertain)	False	20000	Rahnella aceris
161	0	1	0.0	0.1965	-1.5271	-1.3645	-6.3225	2.3537	2.1643	0.2362	0.7638	Laggard-exclusive (low-count)	False	20000	Rahnella bonaserana
162	4	0	0.7449	0.0	2.9439	2.6977	-0.1965	7.5477	1.9702	0.9642	0.0358	Jumper-enriched	False	20000	Rahnella inusitata
163	2	0	0.3724	0.0	2.065	1.8322	-1.3629	6.8395	2.0401	0.8657	0.1343	Jumper-exclusive (low-count)	False	20000	Ralstonia pickettii
164	2	0	0.3724	0.0	2.0707	1.8663	-1.3592	6.6764	2.0274	0.8608	0.1392	Jumper-exclusive (low-count)	False	20000	Raoultella electrica
165	1	0	0.1862	0.0	1.3505	1.1935	-2.4615	6.1372	2.1496	0.7347	0.2653	Jumper-exclusive (low-count)	False	20000	Rhizorhapis suberifaciens
166	0	6	0.0	1.1788	-3.6095	-3.3418	-8.0814	-0.6626	1.8894	0.0047	0.9953	Laggard-enriched	True	20000	Roseibium sediminis
167	2	0	0.3724	0.0	2.078	1.8719	-1.3626	6.6984	2.0212	0.8678	0.1323	Jumper-exclusive (low-count)	False	20000	Ruegeria pomeroyi
168	1	0	0.1862	0.0	1.3475	1.1731	-2.5121	6.1429	2.1534	0.7381	0.2619	Jumper-exclusive (low-count)	False	20000	Runella soli
169	0	2	0.0	0.3929	-2.2199	-2.0033	-6.8646	1.2017	2.0389	0.12	0.88	Laggard-exclusive (low-count)	False	20000	Salinirepens amamiensis
170	2	0	0.3724	0.0	2.0766	1.8513	-1.3277	6.7977	2.0516	0.8614	0.1386	Jumper-exclusive (low-count)	False	20000	Salipiger aestuarii
171	1	0	0.1862	0.0	1.3702	1.1934	-2.4961	6.1567	2.1763	0.7378	0.2622	Jumper-exclusive (low-count)	False	20000	Serratia ficaria
172	1	0	0.1862	0.0	1.3764	1.2005	-2.5076	6.2251	2.1757	0.7404	0.2596	Jumper-exclusive (low-count)	False	20000	Serratia ureilytica
173	1	0	0.1862	0.0	1.3537	1.183	-2.4935	6.1905	2.1741	0.7328	0.2672	Jumper-exclusive (low-count)	False	20000	Shewanella litorisediminis
174	1	0	0.1862	0.0	1.3423	1.1578	-2.545	6.1429	2.1782	0.732	0.268	Jumper-exclusive (low-count)	False	20000	Shewanella maritima
175	1	0	0.1862	0.0	1.373	1.2253	-2.5211	6.1884	2.1723	0.7395	0.2605	Jumper-exclusive (low-count)	False	20000	Siccibacter turicensis
176	1	0	0.1862	0.0	1.3677	1.222	-2.4677	6.0552	2.1481	0.739	0.261	Jumper-exclusive (low-count)	False	20000	Sphingomonas koreensis
177	1	0	0.1862	0.0	1.3386	1.1711	-2.4941	6.1247	2.16	0.7349	0.2651	Jumper-exclusive (low-count)	False	20000	Stutzerimonas kunmingensis
178	0	9	0.0	1.7682	-4.1707	-3.891	-8.777	-1.229	1.8989	0.0006	0.9994	Laggard-enriched	True	20000	Stutzerimonas stutzeri
179	0	1	0.0	0.1965	-1.5283	-1.3573	-6.5126	2.3619	2.1897	0.2366	0.7634	Laggard-exclusive (low-count)	False	20000	Tatumella terrea
180	1	0	0.1862	0.0	1.3453	1.1636	-2.4381	6.1667	2.1616	0.7337	0.2663	Jumper-exclusive (low-count)	False	20000	Thalassotalea marina
181	6	0	1.1173	0.0	3.4656	3.1886	0.4942	8.0938	1.9293	0.9923	0.0077	Jumper-enriched	True	20000	Thiohalospira halophila
182	1	0	0.1862	0.0	1.3427	1.1869	-2.475	6.1977	2.1536	0.7366	0.2634	Jumper-exclusive (low-count)	False	20000	Thiomicrorhabdus heinhorstiae
183	1	0	0.1862	0.0	1.3607	1.1922	-2.5208	6.1493	2.165	0.7393	0.2607	Jumper-exclusive (low-count)	False	20000	Trabulsiella guamensis
184	5	2	0.9311	0.3929	1.0542	1.0119	-0.951	3.333	1.0841	0.8406	0.1595	Jumper-leaning (uncertain)	False	20000	Unknown
185	1	0	0.1862	0.0	1.3921	1.2102	-2.4254	6.2841	2.1831	0.7357	0.2643	Jumper-exclusive (low-count)	False	20000	Vibrio cholerae
186	1	0	0.1862	0.0	1.3672	1.1946	-2.4559	6.1491	2.1696	0.737	0.263	Jumper-exclusive (low-count)	False	20000	Vibrio litoralis
187	1	0	0.1862	0.0	1.3575	1.1813	-2.499	6.258	2.177	0.7366	0.2634	Jumper-exclusive (low-count)	False	20000	Vibrio pelagius
188	0	1	0.0	0.1965	-1.4785	-1.3179	-6.276	2.423	2.1764	0.243	0.757	Laggard-exclusive (low-count)	False	20000	Vineibacter terrae
189	1	0	0.1862	0.0	1.364	1.1908	-2.4509	6.2346	2.1786	0.7367	0.2633	Jumper-exclusive (low-count)	False	20000	Yersinia rochesterensis
190	0	1	0.0	0.1965	-1.5067	-1.337	-6.271	2.3202	2.161	0.2391	0.761	Laggard-exclusive (low-count)	False	20000	Yersinia ruckeri
