taxon	baseline_rank	baseline_fold_diff	loto_mean_rank_shift	loto_rank_std	loto_top5_fraction	loto_influence_score	is_high_leverage	n_loto_appearances
Cutibacterium acnes	0	-4.285462	0.0	0.0	1.0	0.022555	False	190
Moraxella osloensis	1	-3.32995	-0.01	0.07	1.0	0.017526	False	190
Jiulongibacter sediminis	2	3.089278	-0.01	0.1	1.0	0.016259	False	190
Endothiovibrio diazotrophicus	3	2.933448	-0.02	0.12	1.0	0.015439	False	190
Exiguobacterium aestuarii	4	-2.770334	-0.02	0.14	1.0	0.014581	False	190
Pseudomonas oryzihabitans	5	-2.719041	-0.03	0.16	0.026	0.014311	False	190
Pseudoalteromonas phenolica	6	2.527983	-0.03	0.18	0.0	0.013305	False	190
Arcticibacterium luteifluviistationis	7	2.422623	-0.04	0.19	0.0	0.012751	False	190
Pseudomonas azotoformans	8	-2.339551	-0.03	0.16	0.0	0.012313	False	190
Pseudomonas alkylphenolica	9	-2.339551	-0.06	0.3	0.0	0.012313	False	190
Flavobacterium jumunjinense	10	2.304839	-0.05	0.22	0.0	0.012131	False	190
Massilia arenae	11	-2.172497	-0.06	0.23	0.0	0.011434	False	190
Citrobacter koseri	12	2.0972	-0.06	0.24	0.0	0.011038	False	190
Thiohalospira halophila	13	2.017157	-0.07	0.25	0.0	0.010617	False	190
Aeromonas dhakensis	14	-1.971827	-0.01	0.1	0.0	0.010378	False	190
Cutibacterium namnetense	15	-1.971827	-0.01	0.07	0.0	0.010378	False	190
Stutzerimonas stutzeri	16	-1.971827	-0.22	0.76	0.0	0.010378	False	190
Pseudomonas aeruginosa	17	-1.854044	-0.03	0.18	0.0	0.009758	False	190
Massilia terrae	18	-1.854044	-0.15	0.5	0.0	0.009758	False	190
Cupriavidus necator	19	-1.720512	-0.1	0.3	0.0	0.009055	False	190
Rahnella inusitata	20	1.611692	-0.11	0.31	0.0	0.008483	False	190
Massilia niastensis	21	-1.566362	0.02	0.27	0.0	0.008244	False	190
Aeromonas lusitana	22	-1.566362	-0.05	0.45	0.0	0.008244	False	190
Roseibium sediminis	23	-1.566362	0.08	0.39	0.0	0.008244	False	190
Pseudomonas marincola	24	-1.566362	-0.22	0.71	0.0	0.008244	False	190
Klebsiella variicola	25	1.554534	-0.45	1.24	0.0	0.008182	False	190
Brevundimonas aurantiaca	26	-1.38404	-0.09	0.29	0.0	0.007284	False	190
Lysobacter brunescens	27	-1.38404	-0.18	0.49	0.0	0.007284	False	190
Pantoea dispersa	28	1.32401	0.13	0.49	0.0	0.006968	False	190
Emticicia soli	29	1.32401	-0.18	0.54	0.0	0.006968	False	190
Proteus faecis	30	1.32401	-0.04	0.29	0.0	0.006968	False	190
Pectobacterium polaris	31	1.32401	-0.11	0.48	0.0	0.006968	False	190
Erwinia piriflorinigrans	32	1.32401	-0.49	1.46	0.0	0.006968	False	190
Phaeodactylibacter luteus	33	1.32401	-0.26	0.65	0.0	0.006968	False	190
Pseudomonas guangdongensis	34	-1.160896	0.41	0.87	0.0	0.00611	False	190
Pseudomonas savastanoi	35	-1.160896	0.05	0.96	0.0	0.00611	False	190
Massilia agri	36	-1.160896	1.48	1.61	0.0	0.00611	False	190
Citrobacter freundii	37	-1.160896	3.02	1.58	0.0	0.00611	False	190
Pseudomonas zeshuii	38	-1.160896	0.81	0.53	0.0	0.00611	False	190
Pseudomonas viridiflava	39	-1.160896	-0.93	0.66	0.0	0.00611	False	190
Flavobacterium haoranii	40	-1.160896	-3.79	1.39	0.0	0.00611	False	190
Mariniblastus fucicola	41	-1.160896	-2.33	2.56	0.0	0.00611	False	190
Unknown	42	1.141689	-0.52	1.71	0.0	0.006009	False	190
Marivita roseacus	43	0.918545	-0.12	0.57	0.0	0.004834	False	190
Kluyvera ascorbata	44	0.918545	0.03	0.5	0.0	0.004834	False	190
Flavobacterium silvisoli	45	0.918545	0.09	0.8	0.0	0.004834	False	190
Franconibacter helveticus	46	0.918545	0.05	0.26	0.0	0.004834	False	190
Cronobacter muytjensii	47	0.918545	-0.5	1.26	0.0	0.004834	False	190
Pantoea agglomerans	48	0.918545	2.9	3.46	0.0	0.004834	False	190
Salipiger aestuarii	49	0.918545	0.17	0.7	0.0	0.004834	False	190
Raoultella electrica	50	0.918545	0.09	0.42	0.0	0.004834	False	190
Ralstonia pickettii	51	0.918545	0.01	0.15	0.0	0.004834	False	190
Ruegeria pomeroyi	52	0.918545	-0.01	0.34	0.0	0.004834	False	190
Phycisphaera mikurensis	53	0.918545	-3.56	3.25	0.0	0.004834	False	190
Pseudoalteromonas fenneropenaei	54	0.918545	-0.09	2.48	0.0	0.004834	False	190
Methylococcus capsulatus	55	0.918545	-0.49	2.21	0.0	0.004834	False	190
Pseudomonas arcuscaelestis	56	0.918545	-2.22	1.98	0.0	0.004834	False	190
Pseudomonas humi	57	-0.873214	4.51	2.97	0.0	0.004596	False	190
Massilia haematophila	58	-0.873214	0.45	0.5	0.0	0.004596	False	190
Providencia stuartii	59	-0.873214	-0.03	1.11	0.0	0.004596	False	190
Pseudomonas bijieensis	60	-0.873214	-1.11	0.93	0.0	0.004596	False	190
Exiguobacterium alkaliphilum	61	-0.873214	-0.09	0.29	0.0	0.004596	False	190
Exiguobacterium marinum	62	-0.873214	-0.38	0.72	0.0	0.004596	False	190
Pseudomonas mendocina	63	-0.873214	-4.73	2.78	0.0	0.004596	False	190
Pseudomonas oleovorans	64	-0.873214	-1.17	1.66	0.0	0.004596	False	190
Pseudomonas alcaligenes	65	-0.690893	-0.34	0.48	0.0	0.003636	False	190
Leclercia pneumoniae	66	0.51308	-0.35	0.48	0.0	0.0027	False	190
Acinetobacter indicus	67	-0.467749	0.67	2.92	0.0	0.002462	False	190
Pseudomonas delhiensis	68	-0.467749	0.01	0.07	0.0	0.002462	False	190
Pseudomonas mucidolens	69	-0.467749	4.83	2.63	0.0	0.002462	False	190
Brachybacterium aquaticum	70	-0.467749	-0.56	3.8	0.0	0.002462	False	190
Pseudomonas fluvialis	71	-0.467749	1.99	1.72	0.0	0.002462	False	190
Pseudomonas seleniipraecipitans	72	-0.467749	3.47	1.46	0.0	0.002462	False	190
Salinirepens amamiensis	73	-0.467749	-0.05	0.21	0.0	0.002462	False	190
Pseudomonas caricapapayae	74	-0.467749	-2.14	1.4	0.0	0.002462	False	190
Pseudomonas massiliensis	75	-0.467749	2.19	1.59	0.0	0.002462	False	190
Pseudomonas schmalbachii	76	-0.467749	2.42	1.16	0.0	0.002462	False	190
Pseudomonas tianjinensis	77	-0.467749	-0.01	0.38	0.0	0.002462	False	190
Pseudomonas luteola	78	-0.467749	-6.94	3.61	0.0	0.002462	False	190
Pseudomonas syringae	79	-0.467749	-5.71	2.7	0.0	0.002462	False	190
Cupriavidus plantarum	80	-0.467749	-2.51	5.23	0.0	0.002462	False	190
Entomohabitans teleogrylli	81	-0.467749	-0.3	0.46	0.0	0.002462	False	190
Lewinella cohaerens	82	-0.467749	0.76	0.98	0.0	0.002462	False	190
Moraxella atlantae	83	-0.467749	-3.54	5.52	0.0	0.002462	False	190
Moraxella lacunata	84	-0.467749	-0.49	0.5	0.0	0.002462	False	190
Massilia alkalitolerans	85	-0.467749	-1.2	1.84	0.0	0.002462	False	190
Janibacter endophyticus	86	-0.467749	-0.95	1.32	0.0	0.002462	False	190
Pectobacterium cacticida	87	0.419554	-0.46	0.5	0.0	0.002208	False	190
Kosakonia arachidis	88	0.225398	1.07	1.43	0.0	0.001186	False	190
Kluyvera georgiana	89	0.225398	32.21	47.31	0.0	0.001186	True	190
Klebsiella quasipneumoniae	90	0.225398	2.85	4.94	0.0	0.001186	False	190
Dyadobacter sediminis	91	0.225398	6.38	12.84	0.0	0.001186	False	190
Cyclobacterium qasimii	92	0.225398	5.79	12.43	0.0	0.001186	False	190
Enterobacter asburiae	93	0.225398	-0.15	0.36	0.0	0.001186	False	190
Enterobacter cloacae	94	0.225398	2.74	8.78	0.0	0.001186	False	190
Mangrovibacter plantisponsor	95	0.225398	28.03	25.33	0.0	0.001186	True	190
Novispirillum itersonii	96	0.225398	-2.61	3.76	0.0	0.001186	False	190
Mucilaginibacter koreensis	97	0.225398	-0.01	0.07	0.0	0.001186	False	190
Moritella profunda	98	0.225398	-0.01	0.1	0.0	0.001186	False	190
Klebsiella quasivariicola	99	0.225398	-2.34	4.21	0.0	0.001186	False	190
Haloferula luteola	100	0.225398	1.77	2.76	0.0	0.001186	False	190
Halopseudomonas pelagia	101	0.225398	0.01	0.1	0.0	0.001186	False	190
Hansschlegelia beijingensis	102	0.225398	0.01	0.07	0.0	0.001186	False	190
Insectihabitans xujianqingii	103	0.225398	0.0	0.0	0.0	0.001186	False	190
Haliea alexandrii	104	0.225398	-1.51	4.27	0.0	0.001186	False	190
Gemmata massiliana	105	0.225398	-0.26	0.44	0.0	0.001186	False	190
Fluviimonas pallidilutea	106	0.225398	0.81	2.57	0.0	0.001186	False	190
Flavobacterium enshiense	107	0.225398	1.92	3.46	0.0	0.001186	False	190
Flavobacterium luticocti	108	0.225398	-0.14	0.94	0.0	0.001186	False	190
Flavobacterium palustre	109	0.225398	-0.24	0.43	0.0	0.001186	False	190
Flavobacterium phocarum	110	0.225398	-0.24	0.43	0.0	0.001186	False	190
Flavobacterium xanthum	111	0.225398	-0.25	0.43	0.0	0.001186	False	190
Entomomonas moraniae	112	0.225398	1.78	3.94	0.0	0.001186	False	190
Exiguobacterium undae	113	0.225398	-1.55	2.71	0.0	0.001186	False	190
Flavobacterium caeni	114	0.225398	-0.14	0.5	0.0	0.001186	False	190
Flavobacterium dongtanense	115	0.225398	-0.59	0.8	0.0	0.001186	False	190
Azomonas agilis	116	0.225398	0.65	2.08	0.0	0.001186	False	190
Azotobacter nigricans	117	0.225398	0.09	1.15	0.0	0.001186	False	190
Alcanivorax jadensis	118	0.225398	-0.03	0.18	0.0	0.001186	False	190
Anatilimnocola aggregata	119	0.225398	-0.04	0.19	0.0	0.001186	False	190
Agarivorans gilvus	120	0.225398	0.02	1.19	0.0	0.001186	False	190
Acinetobacter chinensis	121	0.225398	0.31	1.5	0.0	0.001186	False	190
Cupriavidus yeoncheonensis	122	0.225398	-5.19	11.64	0.0	0.001186	False	190
Enterobacter mori	123	0.225398	-8.66	13.06	0.0	0.001186	False	190
Citrobacter bitternis	124	0.225398	0.14	0.48	0.0	0.001186	False	190
Buchnera aphidicola	125	0.225398	0.38	0.8	0.0	0.001186	False	190
Brevundimonas kwangchunensis	126	0.225398	-0.01	0.1	0.0	0.001186	False	190
Brenneria rubrifaciens	127	0.225398	-2.67	4.73	0.0	0.001186	False	190
Pseudomonas alloputida	128	0.225398	2.56	3.0	0.0	0.001186	False	190
Pseudoalteromonas xiamenensis	129	0.225398	-7.78	16.74	0.0	0.001186	False	190
Pseudoalteromonas telluritireducens	130	0.225398	1.99	1.47	0.0	0.001186	False	190
Pseudoalteromonas arabiensis	131	0.225398	3.85	5.62	0.0	0.001186	False	190
Pseudoalteromonas luteoviolacea	132	0.225398	-1.15	1.32	0.0	0.001186	False	190
Pseudoalteromonas peptidolytica	133	0.225398	-0.62	0.49	0.0	0.001186	False	190
Pseudoalteromonas translucida	134	0.225398	-0.26	2.82	0.0	0.001186	False	190
Paraburkholderia pallida	135	0.225398	1.97	6.35	0.0	0.001186	False	190
Pelagerythrobacter marensis	136	0.225398	0.54	0.5	0.0	0.001186	False	190
Paracoccus salipaludis	137	0.225398	1.06	1.0	0.0	0.001186	False	190
Pantoea alhagi	138	0.225398	2.93	2.93	0.0	0.001186	False	190
Phaeocystidibacter luteus	139	0.225398	1.44	0.9	0.0	0.001186	False	190
Peptoniphilus faecalis	140	0.225398	-2.19	1.99	0.0	0.001186	False	190
Phytobacter diazotrophicus	141	0.225398	-0.29	0.82	0.0	0.001186	False	190
Pluralibacter pyrinus	142	0.225398	4.36	35.65	0.0	0.001186	False	190
Pontibacter roseus	143	0.225398	-1.62	2.53	0.0	0.001186	False	190
Massilia arvi	144	0.225398	-25.37	24.65	0.0	0.001186	True	190
Maribius pelagius	145	0.225398	1.25	4.21	0.0	0.001186	False	190
Luteimonas abyssi	146	0.225398	-0.37	0.48	0.0	0.001186	False	190
Kytococcus sedentarius	147	0.225398	-19.63	27.61	0.0	0.001186	False	190
Limnoglobus roseus	148	0.225398	-0.37	0.51	0.0	0.001186	False	190
Luminiphilus syltensis	149	0.225398	-0.45	0.71	0.0	0.001186	False	190
Massilia rhizosphaerae	150	0.225398	2.42	2.51	0.0	0.001186	False	190
Massilia norwichensis	151	0.225398	0.0	0.0	0.0	0.001186	False	190
Mesorhizobium septentrionale	152	0.225398	0.46	0.5	0.0	0.001186	False	190
Massilia yuzhufengensis	153	0.225398	0.45	0.5	0.0	0.001186	False	190
Massilia pinisoli	154	0.225398	-1.76	1.99	0.0	0.001186	False	190
Methylovulum psychrotolerans	155	0.225398	-0.43	7.2	0.0	0.001186	False	190
Methylotenera mobilis	156	0.225398	-10.55	19.85	0.0	0.001186	False	190
Pseudomonas carbonaria	157	0.225398	-18.48	13.31	0.0	0.001186	False	190
Pseudomonas duriflava	158	0.225398	-0.18	1.35	0.0	0.001186	False	190
Pseudomonas mediterranea	159	0.225398	-1.43	0.88	0.0	0.001186	False	190
Pseudomonas tolaasii	160	0.225398	-9.61	14.98	0.0	0.001186	False	190
Pseudomonas tarimensis	161	0.225398	0.16	4.74	0.0	0.001186	False	190
Pseudomonas pharmacofabricae	162	0.225398	1.05	1.09	0.0	0.001186	False	190
Pseudomonas oryzae	163	0.225398	-3.06	1.85	0.0	0.001186	False	190
Pseudomonas phenolilytica	164	0.225398	0.77	0.42	0.0	0.001186	False	190
Pseudomonas psychrophila	165	0.225398	-0.76	0.5	0.0	0.001186	False	190
Pseudomonas putida	166	0.225398	0.78	0.41	0.0	0.001186	False	190
Pseudomonas saponiphila	167	0.225398	-0.79	0.41	0.0	0.001186	False	190
Pseudomonas frederiksbergensis	168	0.225398	-0.37	1.81	0.0	0.001186	False	190
Pseudomonas extremorientalis	169	0.225398	-0.73	2.77	0.0	0.001186	False	190
Rhizorhapis suberifaciens	170	0.225398	2.63	1.01	0.0	0.001186	False	190
Serratia ficaria	171	0.225398	2.55	1.14	0.0	0.001186	False	190
Serratia ureilytica	172	0.225398	-0.91	0.29	0.0	0.001186	False	190
Rahnella aceris	173	0.225398	-20.73	16.76	0.0	0.001186	True	190
Runella soli	174	0.225398	-3.57	1.28	0.0	0.001186	False	190
Rahnella bonaserana	175	0.225398	0.0	0.0	0.0	0.001186	False	190
Siccibacter turicensis	176	0.225398	-4.3	7.47	0.0	0.001186	False	190
Shewanella maritima	177	0.225398	0.92	0.28	0.0	0.001186	False	190
Shewanella litorisediminis	178	0.225398	-5.54	1.57	0.0	0.001186	False	190
Stutzerimonas kunmingensis	179	0.225398	0.03	0.31	0.0	0.001186	False	190
Tatumella terrea	180	0.225398	0.94	0.23	0.0	0.001186	False	190
Thalassotalea marina	181	0.225398	-0.94	0.28	0.0	0.001186	False	190
Thiomicrorhabdus heinhorstiae	182	0.225398	0.01	0.07	0.0	0.001186	False	190
Sphingomonas koreensis	183	0.225398	-11.88	7.87	0.0	0.001186	False	190
Trabulsiella guamensis	184	0.225398	-0.97	0.18	0.0	0.001186	False	190
Vibrio cholerae	185	0.225398	-3.58	3.78	0.0	0.001186	False	190
Vibrio litoralis	186	0.225398	-3.59	3.78	0.0	0.001186	False	190
Vibrio pelagius	187	0.225398	-0.98	0.12	0.0	0.001186	False	190
Vineibacter terrae	188	0.225398	-0.99	0.1	0.0	0.001186	False	190
Yersinia rochesterensis	189	0.225398	-2.3	1.89	0.0	0.001186	False	190
Yersinia ruckeri	190	0.225398	-2.31	1.88	0.0	0.001186	False	190
