ID	Description	setSize	enrichmentScore	NES	pvalue	p.adjust	qvalue	rank	leading_edge	core_enrichment
map00310	map00310	15	0.773653086258639	2.0639400131566	4.38395248479276e-05	0.00543610108114302	0.00516844924522936	1437	tags=47%, list=8%, signal=43%	XM_067112985.1/XM_067112959.1/XM_067112997.1/XM_067113004.1/XM_067112973.1/XM_067112948.1/XM_067095264.1
map05231	map05231	18	-0.605303251940881	-1.89878969115849	0.00258486771547933	0.148979103815674	0.141643969671948	3271	tags=44%, list=18%, signal=36%	XM_067130397.1/XM_067116297.1/XM_067116106.1/XM_067104110.1/XM_067110139.1/XM_067082907.1/XM_067082906.1/XM_067099926.1
map04066	map04066	17	-0.610362508087699	-1.87801137145354	0.00401141013172992	0.148979103815674	0.141643969671948	1792	tags=41%, list=10%, signal=37%	XM_067116297.1/XM_067095184.1/JP355486.1/GH624882.1/XM_067095187.1/XM_067099926.1/XM_067107240.1
map04150	map04150	28	-0.492103955752189	-1.74395272429943	0.0048057775424411	0.148979103815674	0.141643969671948	3917	tags=39%, list=22%, signal=31%	JP353021.1/XM_067094793.1/XM_067116297.1/XM_067117872.1/XM_067119649.1/XM_067116106.1/XM_067129114.1/XM_067099053.1/XM_067110139.1/XM_067129113.1/XM_067099926.1
map04137	map04137	12	-0.659987118691591	-1.80819284996444	0.00849570379916603	0.210693454219318	0.200319752738231	2123	tags=58%, list=12%, signal=52%	XM_067101696.1/XM_067097330.1/XM_067105397.1/XM_067097328.1/XM_067101362.1/XM_067107861.1/XM_067113778.1
map05130	map05130	15	-0.546327392314695	-1.59875324454374	0.023841128817062	0.447992646158025	0.425935283274183	1988	tags=47%, list=11%, signal=42%	XM_067130941.1/XM_067104110.1/XM_067130867.1/XM_067130868.1/XM_067098118.1/XM_067098114.1/XM_067130942.1
map05211	map05211	11	-0.612042986210523	-1.62117044807738	0.0290903679816059	0.447992646158025	0.425935283274183	1668	tags=45%, list=9%, signal=41%	XM_067116297.1/JP355486.1/XM_067110139.1/XM_067107240.1/XM_067110521.1
map04141	map04141	37	-0.374510899446526	-1.40410433890141	0.0305677681360185	0.447992646158025	0.425935283274183	3599	tags=43%, list=20%, signal=35%	XM_067120985.1/XM_067133753.1/XM_067130941.1/XM_067133751.1/JP353081.1/XM_067089964.1/XM_067104530.1/XM_067133146.1/XM_067092062.1/XM_067133754.1/XM_067081705.1/XM_067085558.1/XM_067104394.1/XM_067130867.1/XM_067130868.1/XM_067130942.1
map04520	map04520	10	-0.632509952051395	-1.637569837286	0.0350519559761431	0.447992646158025	0.425935283274183	3880	tags=60%, list=21%, signal=47%	XM_067082077.1/XM_067081040.1/XM_067104110.1/JP355486.1/XM_067127148.1/XM_067099460.1
map04146	map04146	18	-0.47609649859963	-1.49347805523755	0.0363628774137863	0.447992646158025	0.425935283274183	678	tags=56%, list=4%, signal=54%	XM_067089678.1/XM_067132863.1/XM_067133256.1/XM_067093980.1/XM_067119756.1/EU077526.1/XM_067088388.1/JP354575.1/XM_067119754.1/XM_067097334.1
map04014	map04014	20	-0.466074836511696	-1.50690041004129	0.0427749757289781	0.447992646158025	0.425935283274183	3126	tags=40%, list=17%, signal=33%	XM_067116297.1/XM_067115483.1/XM_067095184.1/GH624882.1/XM_067110139.1/XM_067095187.1/XM_067120393.1/XM_067109974.1
map00071	map00071	11	-0.58228903760487	-1.5423586272088	0.0433541270475508	0.447992646158025	0.425935283274183	678	tags=55%, list=4%, signal=53%	XM_067083830.1/XM_067119756.1/XM_067083746.1/JP354575.1/XM_067119754.1/XM_067097334.1
map04145	map04145	21	0.515898133268977	1.49385754189857	0.0533536585365854	0.506222598599526	0.481298226172724	4338	tags=38%, list=24%, signal=29%	XM_067094945.1/XM_067084447.1/XM_067116229.1/XM_067124073.1/XM_067128451.1/XM_067103297.1/XM_067088959.1/XM_067095225.1
map00561	map00561	17	-0.489934348148586	-1.50746853697068	0.058702717237695	0.506222598599526	0.481298226172724	5164	tags=65%, list=28%, signal=46%	XM_067125627.1/XM_067107347.1/XM_067130398.1/XM_067134182.1/JP353021.1/XM_067086603.1/XM_067114102.1/XM_067130397.1/XM_067117872.1/XM_067101995.1/XM_067125628.1
map04149	map04149	17	-0.486190040893691	-1.4959477579095	0.0612366046692975	0.506222598599526	0.481298226172724	681	tags=59%, list=4%, signal=57%	XM_067119756.1/XM_067122690.1/XM_067084573.1/XM_067084574.1/XM_067114601.1/XM_067113269.1/JP354575.1/XM_067122695.1/XM_067119754.1/XM_067097334.1
map04391	map04391	19	-0.430045035947408	-1.35998341706965	0.0843023255813953	0.601564945226917	0.571946297669055	4201	tags=42%, list=23%, signal=32%	XM_067085545.1/XM_067090749.1/XM_067081040.1/XM_067090743.1/XM_067090747.1/XM_067083465.1/XM_067089467.1/XM_067085544.1
map04360	map04360	21	0.49005275865843	1.41901852757512	0.0853658536585366	0.601564945226917	0.571946297669055	1776	tags=19%, list=10%, signal=17%	XM_067090459.1/XM_067099987.1/XM_067090458.1/XM_067122667.1
map00564	map00564	13	-0.51523910116079	-1.45573167945953	0.0873239436619718	0.601564945226917	0.571946297669055	5816	tags=77%, list=32%, signal=52%	XM_067103881.1/XM_067103880.1/XM_067130398.1/XM_067133786.1/JP353021.1/XM_067086603.1/XM_067114102.1/XM_067130397.1/XM_067117872.1/XM_067120393.1
map04932	map04932	11	0.569988326662512	1.38595277096435	0.102564102564103	0.669365721997301	0.636408835854819	2634	tags=36%, list=14%, signal=31%	XM_067097582.1/XM_067115092.1/XM_067099183.1/XM_067113178.1
map00830	map00830	14	0.518771095476889	1.35902397669875	0.127527216174184	0.790668740279938	0.751739379553082	7096	tags=64%, list=39%, signal=39%	XM_067121380.1/XM_067087972.1/XM_067087971.1/XM_067109725.1/JP354014.1/XM_067110561.1/XM_067109724.1/XM_067087970.1/XM_067083907.1
map01120	map01120	28	0.416037648840928	1.27944887331311	0.155725190839695	0.821027287319422	0.7806031933767	4631	tags=46%, list=25%, signal=35%	XM_067085977.1/XM_067108841.1/XM_067093687.1/XM_067108845.1/XM_067089421.1/XM_067118631.1/XM_067093675.1/XM_067093698.1/XM_067095873.1/XM_067099351.1/XM_067123763.1/XM_067089427.1/GH624839.1
map04922	map04922	25	0.429512979991223	1.28674309013767	0.160849772382398	0.821027287319422	0.7806031933767	4658	tags=44%, list=26%, signal=33%	XM_067081580.1/XM_067097582.1/XM_067093687.1/XM_067081582.1/XM_067081585.1/XM_067089421.1/XM_067093675.1/XM_067093698.1/XM_067081583.1/XM_067089427.1/XM_067081581.1
map05207	map05207	14	-0.436672587407783	-1.26996847204058	0.161559888579387	0.821027287319422	0.7806031933767	5581	tags=71%, list=31%, signal=50%	XM_067100742.1/XM_067105493.1/XM_067094502.1/XM_067100741.1/XM_067132162.1/XM_067116297.1/XM_067100740.1/XM_067110139.1/XM_067105492.1/XM_067099926.1
map04214	map04214	10	-0.494140546245324	-1.27933110188537	0.162303664921466	0.821027287319422	0.7806031933767	1880	tags=70%, list=10%, signal=63%	XM_067120619.1/XM_067132222.1/XM_067108989.1/XM_067128151.1/XM_067083465.1/XM_067113269.1/XM_067089467.1
map01100	map01100	252	0.269866282589632	1.15034794276285	0.176278563656148	0.821027287319422	0.7806031933767	4692	tags=29%, list=26%, signal=22%	XM_067112985.1/XM_067112959.1/XM_067112997.1/XM_067113004.1/XM_067133125.1/XM_067111567.1/XM_067112973.1/XM_067121380.1/XM_067131955.1/XM_067112948.1/XM_067126664.1/XM_067084412.1/XM_067116320.1/XM_067085977.1/XM_067114604.1/XM_067120438.1/XM_067084267.1/XM_067131457.1/XM_067127464.1/XM_067104994.1/XM_067101272.1/XM_067087972.1/XM_067110187.1/XM_067096363.1/XM_067108841.1/XM_067093687.1/XM_067108845.1/XM_067096006.1/XM_067095264.1/XM_067122458.1/XM_067087686.1/XM_067115092.1/XM_067100747.1/XM_067087971.1/XM_067110184.1/XM_067097652.1/XM_067081282.1/XM_067122308.1/XM_067117876.1/XM_067106819.1/XM_067089421.1/XM_067086322.1/XM_067124622.1/XM_067118631.1/XM_067096003.1/XM_067116151.1/XM_067109725.1/XM_067096308.1/XM_067093675.1/XM_067111354.1/JP355682.1/XM_067110951.1/XM_067107947.1/XM_067093698.1/JP352241.1/XM_067083690.1/XM_067092586.1/XM_067086877.1/XM_067095873.1/XM_067099351.1/XM_067125872.1/XM_067120959.1/XM_067123763.1/XM_067089427.1/XM_067106816.1/XM_067082351.1/XM_067107289.1/XM_067107944.1/XM_067084116.1/GH624839.1/XM_067086323.1/JP354014.1
map05226	map05226	10	-0.490402286838379	-1.26965273899335	0.178010471204188	0.821027287319422	0.7806031933767	3126	tags=30%, list=17%, signal=25%	XM_067116297.1/XM_067110139.1/XM_067099926.1
map03018	map03018	17	0.464400180649425	1.2691273062852	0.18266253869969	0.821027287319422	0.7806031933767	5441	tags=59%, list=30%, signal=41%	XM_067133613.1/XM_067087852.1/XM_067114904.1/XM_067125800.1/XM_067101125.1/XM_067101226.1/XM_067101013.1/XM_067131721.1/XM_067114903.1/XM_067133612.1
map05205	map05205	17	-0.402839626937033	-1.23948864852483	0.185393258426966	0.821027287319422	0.7806031933767	4655	tags=53%, list=26%, signal=39%	XM_067134410.1/XM_067129115.1/XM_067082077.1/XM_067116297.1/XM_067116106.1/XM_067129114.1/XM_067110139.1/XM_067129113.1/XM_067099926.1
map04936	map04936	11	0.517549991378855	1.25844655251828	0.211538461538462	0.904509283819629	0.859974870864163	2624	tags=27%, list=14%, signal=23%	XM_067097582.1/XM_067099183.1/XM_067117876.1
map03083	map03083	21	-0.356805180296296	-1.16494209929293	0.23121387283237	0.955684007707129	0.908629956393875	3291	tags=38%, list=18%, signal=31%	XM_067123288.1/XM_067101814.1/XM_067102565.1/XM_067094880.1/JP355486.1/XM_067126994.1/XM_067094692.1/XM_067102566.1
map03320	map03320	13	-0.421251187838997	-1.19018276711848	0.23943661971831	0.957746478873239	0.910590879743657	678	tags=31%, list=4%, signal=30%	XM_067116106.1/JP354575.1/XM_067122695.1/XM_067097334.1
map05022	map05022	38	0.349056502284724	1.15505691561675	0.25070821529745	0.967860422405877	0.920206853221207	3801	tags=29%, list=21%, signal=23%	XM_067123808.1/XM_067086608.1/XM_067086609.1/XM_067124073.1/XM_067115092.1/XM_067099183.1/XM_067113178.1/XM_067125409.1/XM_067114931.1/XM_067086625.1/XM_067113715.1
map04310	map04310	15	0.440632845811509	1.1755136478282	0.257575757575758	0.967860422405877	0.920206853221207	3533	tags=33%, list=19%, signal=27%	XM_067105329.1/XM_067115698.1/XM_067109240.1/XM_067105348.1/XM_067110359.1
map04350	map04350	13	-0.403680938359859	-1.14054063257325	0.27887323943662	0.973371497961662	0.925446585498354	4086	tags=54%, list=22%, signal=42%	XM_067131691.1/XM_067108954.1/XM_067108953.1/XM_067095140.1/JP355486.1/JP353867.1/XM_067099926.1
map04015	map04015	17	-0.368071630677751	-1.13251174304262	0.286516853932584	0.973371497961662	0.925446585498354	1792	tags=35%, list=10%, signal=32%	XM_067081040.1/XM_067116297.1/XM_067095184.1/GH624882.1/XM_067095187.1/XM_067110521.1
map05164	map05164	11	-0.432798475627675	-1.14639022824973	0.291005291005291	0.973371497961662	0.925446585498354	5581	tags=73%, list=31%, signal=50%	XM_067100742.1/XM_067130831.1/XM_067100741.1/XM_067129433.1/XM_067116297.1/XM_067100740.1/JP355486.1/XM_067129436.1
map03040	map03040	37	0.33970988622283	1.11568759548298	0.299572039942939	0.973371497961662	0.925446585498354	3934	tags=27%, list=22%, signal=21%	XM_067130248.1/XM_067119178.1/XM_067086639.1/XM_067113383.1/XM_067103287.1/JP355387.1/XM_067124114.1/XM_067113321.1/XM_067127774.1/XM_067101125.1
map04919	map04919	11	-0.429137597491712	-1.13669334815838	0.304232804232804	0.973371497961662	0.925446585498354	3126	tags=36%, list=17%, signal=30%	XM_067116297.1/XM_067095140.1/XM_067116106.1/JP355486.1
map04211	map04211	21	-0.341360561221346	-1.11451657869648	0.30635838150289	0.973371497961662	0.925446585498354	4210	tags=29%, list=23%, signal=22%	XM_067094096.1/XM_067094793.1/EU077526.1/XM_067116297.1/XM_067122232.1/XM_067099926.1
map05200	map05200	31	-0.300840015756611	-1.09312941642035	0.320872274143302	0.973371497961662	0.925446585498354	1673	tags=39%, list=9%, signal=35%	XM_067094502.1/XM_067097716.1/XM_067133240.1/XM_067122600.1/XM_067132162.1/XM_067116297.1/XM_067133239.1/XM_067122232.1/JP355486.1/XM_067110139.1/XM_067099926.1/XM_067107240.1
map03008	map03008	28	0.357569452207328	1.09964046290622	0.322137404580153	0.973371497961662	0.925446585498354	8131	tags=50%, list=45%, signal=28%	XM_067092577.1/EL609801.1/XM_067128154.1/XM_067084717.1/XM_067098236.1/XM_067114894.1/XM_067107806.1/XM_067115367.1/XM_067110015.1/XM_067098705.1/XM_067118102.1/XM_067116216.1/XM_067103389.1/XM_067123960.1
map04010	map04010	19	-0.344469246421995	-1.08935675025832	0.34593023255814	0.973371497961662	0.925446585498354	1950	tags=26%, list=11%, signal=24%	XM_067088762.1/XM_067095184.1/GH624882.1/XM_067110139.1/XM_067095187.1
map00062	map00062	10	0.464826061950195	1.10171321292189	0.358064516129032	0.973371497961662	0.925446585498354	798	tags=20%, list=4%, signal=19%	XM_067114604.1/XM_067120438.1
map04722	map04722	13	-0.372678280477218	-1.05294721987314	0.369014084507042	0.973371497961662	0.925446585498354	3293	tags=38%, list=18%, signal=32%	JP353831.1/XM_067116297.1/XM_067116106.1/XM_067110139.1/XM_067110521.1
map04518	map04518	15	0.392877147858535	1.04811171844662	0.401515151515151	0.973371497961662	0.925446585498354	2996	tags=27%, list=16%, signal=22%	XM_067094945.1/XM_067084533.1/XM_067131391.1/XM_067106316.1
map03410	map03410	15	0.39052831427757	1.04184553571161	0.412121212121212	0.973371497961662	0.925446585498354	5714	tags=40%, list=31%, signal=27%	XM_067116855.1/XM_067103608.1/XM_067115808.1/XM_067118193.1/XM_067108308.1/EL609673.1
map04218	map04218	11	0.42241855780811	1.02713010655665	0.415064102564103	0.973371497961662	0.925446585498354	8066	tags=82%, list=44%, signal=46%	XM_067099183.1/XM_067127208.1/XM_067084341.1/XM_067089712.1/XM_067108538.1/XM_067102642.1/XM_067108539.1/XM_067129236.1/XM_067103922.1
map04530	map04530	13	-0.356251169549259	-1.00653485379698	0.436619718309859	0.973371497961662	0.925446585498354	3974	tags=38%, list=22%, signal=30%	XM_067090749.1/XM_067081040.1/XM_067090743.1/XM_067090747.1/XM_067093911.1
map05014	map05014	37	-0.262681646025571	-0.984837662880708	0.438538205980066	0.973371497961662	0.925446585498354	1564	tags=19%, list=9%, signal=17%	XM_067128319.1/XM_067132792.1/XM_067104394.1/XM_067101362.1/XM_067129436.1/XM_067093435.1/XM_067113717.1
map04142	map04142	58	0.282632167605617	1.0083013202533	0.457943925233645	0.973371497961662	0.925446585498354	2803	tags=21%, list=15%, signal=18%	XM_067116627.1/XM_067120438.1/XM_067131457.1/XM_067116229.1/XM_067096363.1/XM_067093431.1/XM_067105696.1/XM_067093432.1/XM_067087686.1/XM_067123422.1/XM_067122308.1/XM_067124914.1
map05034	map05034	12	0.398103307784833	0.995949433924772	0.463949843260188	0.973371497961662	0.925446585498354	3751	tags=33%, list=21%, signal=26%	XM_067122560.1/XM_067131210.1/XM_067124914.1/XM_067122563.1
map04390	map04390	16	-0.331959571620572	-0.99147385615699	0.466101694915254	0.973371497961662	0.925446585498354	3974	tags=38%, list=22%, signal=29%	XM_067090749.1/XM_067081040.1/JP353831.1/XM_067090743.1/XM_067090747.1/XM_067089467.1
map00240	map00240	21	0.338993220146308	0.981603820427115	0.466463414634146	0.973371497961662	0.925446585498354	4563	tags=33%, list=25%, signal=25%	XM_067116320.1/XM_067101272.1/XM_067100747.1/XM_067096308.1/XM_067107947.1/XM_067083690.1/XM_067107944.1
map04138	map04138	16	0.367559042418678	0.99410568124896	0.489197530864198	0.973371497961662	0.925446585498354	8360	tags=56%, list=46%, signal=30%	XM_067103297.1/XM_067128768.1/XM_067099254.1/XM_067088959.1/JP353036.1/XM_067134581.1/XM_067083081.1/XM_067126438.1/XM_067095339.1
map01240	map01240	40	0.296192695019599	0.986984686072487	0.490056818181818	0.973371497961662	0.925446585498354	2416	tags=18%, list=13%, signal=15%	XM_067121380.1/XM_067096335.1/XM_067101272.1/XM_067087972.1/XM_067084487.1/XM_067087971.1/XM_067096601.1
map05169	map05169	15	-0.335495405542701	-0.981781941901881	0.494152046783626	0.973371497961662	0.925446585498354	341	tags=27%, list=2%, signal=26%	XM_067116297.1/XM_067102565.1/XM_067113717.1/XM_067102566.1
map05418	map05418	10	0.407450645179295	0.965724162548521	0.503225806451613	0.973371497961662	0.925446585498354	2619	tags=20%, list=14%, signal=17%	XM_067084412.1/XM_067099183.1
map04920	map04920	14	-0.326321880178545	-0.94903713105479	0.515320334261838	0.973371497961662	0.925446585498354	1673	tags=21%, list=9%, signal=19%	XM_067122232.1/JP354575.1/XM_067097334.1
map05012	map05012	18	0.345397374721077	0.958440209638339	0.531152647975078	0.973371497961662	0.925446585498354	3801	tags=33%, list=21%, signal=26%	XM_067123808.1/XM_067115092.1/XM_067113178.1/XM_067125409.1/XM_067114931.1/XM_067113715.1
map04371	map04371	11	-0.354772046979173	-0.939714973171386	0.537037037037037	0.973371497961662	0.925446585498354	183	tags=27%, list=1%, signal=27%	XM_067111687.1/XM_067101696.1/XM_067099926.1
map04714	map04714	26	0.308158888645048	0.927387360167166	0.557427258805513	0.973371497961662	0.925446585498354	2619	tags=27%, list=14%, signal=23%	XM_067134220.1/XM_067082608.1/XM_067110187.1/XM_067097582.1/XM_067115092.1/XM_067110184.1/XM_067099183.1
map04151	map04151	32	-0.258302853789093	-0.936888249678737	0.559485530546624	0.973371497961662	0.925446585498354	2222	tags=25%, list=12%, signal=22%	XM_067116106.1/XM_067095184.1/XM_067129114.1/GH624882.1/XM_067110139.1/XM_067095187.1/XM_067129113.1/XM_067099926.1
map05163	map05163	12	-0.326566908988082	-0.894708295273823	0.576923076923077	0.973371497961662	0.925446585498354	1282	tags=33%, list=7%, signal=31%	XM_067122600.1/XM_067116297.1/XM_067110139.1/XM_067099926.1
map00565	map00565	12	-0.325954319593821	-0.893029959846819	0.576923076923077	0.973371497961662	0.925446585498354	3271	tags=42%, list=18%, signal=34%	XM_067106815.1/XM_067130398.1/XM_067130397.1/XM_067096960.1/XM_067120393.1
map00600	map00600	12	-0.325242620878087	-0.891080090686236	0.576923076923077	0.973371497961662	0.925446585498354	5649	tags=58%, list=31%, signal=40%	XM_067101159.1/XM_067130398.1/XM_067129199.1/XM_067130397.1/XM_067129198.1/XM_067098764.1/XM_067098761.1
map05020	map05020	14	0.349118721972864	0.914585870362321	0.578538102643857	0.973371497961662	0.925446585498354	3801	tags=36%, list=21%, signal=28%	XM_067115092.1/XM_067099183.1/XM_067125409.1/XM_067114931.1/XM_067113715.1
map04517	map04517	33	-0.251411219255935	-0.91891481051696	0.585209003215434	0.973371497961662	0.925446585498354	4526	tags=42%, list=25%, signal=32%	XM_067098120.1/XM_067116866.1/XM_067099423.1/XM_067082077.1/XM_067081040.1/XM_067116297.1/XM_067111724.1/XM_067131225.1/XM_067099424.1/XM_067116106.1/XM_067095390.1/XM_067099407.1/XM_067099460.1/XM_067099408.1
map01212	map01212	14	-0.306172210199214	-0.890436141815507	0.601671309192201	0.973371497961662	0.925446585498354	678	tags=43%, list=4%, signal=41%	XM_067083830.1/XM_067092587.1/XM_067088388.1/XM_067114798.1/JP354575.1/XM_067097334.1
map00500	map00500	10	0.375567562493897	0.890156081628506	0.617741935483871	0.973371497961662	0.925446585498354	3759	tags=40%, list=21%, signal=32%	XM_067133125.1/XM_067122308.1/JP355682.1/XM_067083690.1
map01232	map01232	28	0.289328823233786	0.889778696554972	0.63969465648855	0.973371497961662	0.925446585498354	3759	tags=29%, list=21%, signal=23%	XM_067116320.1/XM_067084267.1/XM_067101272.1/XM_067100747.1/XM_067116151.1/XM_067096308.1/XM_067107947.1/XM_067083690.1
map04068	map04068	38	0.268691806067153	0.889123470658812	0.645892351274788	0.973371497961662	0.925446585498354	4658	tags=32%, list=26%, signal=24%	XM_067081580.1/XM_067097582.1/XM_067093687.1/XM_067081582.1/XM_067081585.1/XM_067099183.1/XM_067089421.1/XM_067093675.1/XM_067093698.1/XM_067081583.1/XM_067089427.1/XM_067081581.1
map04072	map04072	13	-0.29729913892593	-0.839974632817041	0.670422535211268	0.973371497961662	0.925446585498354	3904	tags=46%, list=21%, signal=36%	XM_067130398.1/XM_067086603.1/XM_067114102.1/XM_067130397.1/XM_067116297.1/XM_067110139.1
map03440	map03440	10	-0.322841083257972	-0.835836366630065	0.672774869109948	0.973371497961662	0.925446585498354	4155	tags=70%, list=23%, signal=54%	XM_067096126.1/XM_067119347.1/XM_067119254.1/XM_067095973.1/XM_067118350.1/XM_067096127.1/XM_067108820.1
map05208	map05208	19	-0.271093656240458	-0.857312249047543	0.680232558139535	0.973371497961662	0.925446585498354	3788	tags=32%, list=21%, signal=25%	XM_067132162.1/EU077526.1/XM_067116297.1/XM_067116106.1/XM_067110139.1/XM_067105492.1
map04361	map04361	20	-0.263965901807776	-0.853447331866571	0.684507042253521	0.973371497961662	0.925446585498354	3126	tags=30%, list=17%, signal=25%	XM_067112367.1/XM_067081912.1/XM_067116297.1/XM_067112368.1/XM_067112994.1/XM_067099926.1
map01524	map01524	11	0.345755568777633	0.840720530944223	0.6875	0.973371497961662	0.925446585498354	504	tags=9%, list=3%, signal=9%	XM_067084412.1
map05202	map05202	11	-0.306042899750603	-0.810641925645608	0.693121693121693	0.973371497961662	0.925446585498354	2928	tags=45%, list=16%, signal=38%	XM_067132539.1/XM_067100490.1/XM_067095140.1/XM_067095184.1/XM_067095187.1
map00230	map00230	25	0.274981856108721	0.823795833290903	0.710166919575114	0.973371497961662	0.925446585498354	3759	tags=28%, list=21%, signal=22%	XM_067116320.1/XM_067084267.1/XM_067101272.1/XM_067124622.1/XM_067116151.1/XM_067107947.1/XM_067083690.1
map04910	map04910	27	-0.242300706532359	-0.849816212782596	0.710982658959538	0.973371497961662	0.925446585498354	1282	tags=26%, list=7%, signal=24%	XM_067082881.1/XM_067094793.1/XM_067116297.1/XM_067116106.1/XM_067110139.1/XM_067099926.1/XM_067110521.1
map04113	map04113	13	-0.287004524820236	-0.810888727171085	0.712676056338028	0.973371497961662	0.925446585498354	2405	tags=31%, list=13%, signal=27%	XM_067131155.1/XM_067098243.1/XM_067087890.1/XM_067126818.1
map03420	map03420	11	-0.298221384710175	-0.789924411797042	0.714285714285714	0.973371497961662	0.925446585498354	2280	tags=18%, list=13%, signal=16%	XM_067108820.1/XM_067118448.1
map04660	map04660	10	-0.313450296422445	-0.811523596182157	0.714659685863874	0.973371497961662	0.925446585498354	3126	tags=30%, list=17%, signal=25%	XM_067116297.1/XM_067116106.1/XM_067110139.1
map04213	map04213	14	0.306581980814655	0.803152423840993	0.721617418351477	0.973371497961662	0.925446585498354	1245	tags=14%, list=7%, signal=13%	XM_067092947.1/XM_067097582.1
map05132	map05132	21	0.277122749816614	0.802448939332331	0.730182926829268	0.973371497961662	0.925446585498354	6150	tags=33%, list=34%, signal=22%	XM_067131955.1/XM_067124073.1/XM_067099183.1/XM_067088959.1/XM_067090553.1/XM_067102977.1/JP353036.1
map04071	map04071	15	-0.276927719471441	-0.810391527566019	0.730994152046784	0.973371497961662	0.925446585498354	3126	tags=33%, list=17%, signal=28%	XM_067116297.1/XM_067098764.1/XM_067116106.1/XM_067098761.1/XM_067109332.1
map05203	map05203	15	-0.274580255478363	-0.803521991591477	0.736842105263158	0.973371497961662	0.925446585498354	3126	tags=40%, list=17%, signal=33%	XM_067111687.1/XM_067102568.1/XM_067116297.1/XM_067102565.1/JP355486.1/XM_067102566.1
map04510	map04510	20	0.278962175740563	0.798072149309485	0.743431221020093	0.973371497961662	0.925446585498354	210	tags=10%, list=1%, signal=10%	XM_067094945.1/XM_067084533.1
map05010	map05010	25	0.265939759305998	0.796707349069781	0.743550834597876	0.973371497961662	0.925446585498354	3801	tags=24%, list=21%, signal=19%	XM_067115092.1/XM_067133722.1/XM_067113178.1/XM_067125409.1/XM_067114931.1/XM_067113715.1
map04914	map04914	10	0.329498337971103	0.780964541995632	0.753225806451613	0.973371497961662	0.925446585498354	5341	tags=40%, list=29%, signal=28%	XM_067099183.1/XM_067128510.1/XM_067083643.1/XM_067093132.1
map05165	map05165	24	0.26736385563805	0.792870196478558	0.756468797564688	0.973371497961662	0.925446585498354	210	tags=8%, list=1%, signal=8%	XM_067094945.1/XM_067084533.1
map05017	map05017	21	0.26801358513802	0.776072037618636	0.765243902439024	0.973371497961662	0.925446585498354	3801	tags=29%, list=21%, signal=23%	XM_067084481.1/XM_067113178.1/XM_067084468.1/XM_067125409.1/XM_067114931.1/XM_067113715.1
map04148	map04148	19	-0.250772790267247	-0.793049117435806	0.770348837209302	0.973371497961662	0.925446585498354	2637	tags=21%, list=14%, signal=18%	XM_067107746.1/XM_067110839.1/XM_067085910.1/XM_067120393.1
map05225	map05225	18	0.283010299104432	0.785322849145873	0.792834890965732	0.973371497961662	0.925446585498354	837	tags=11%, list=5%, signal=11%	XM_067084412.1/XM_067082608.1
map04111	map04111	19	-0.244583251787972	-0.773475191480391	0.796511627906977	0.973371497961662	0.925446585498354	2405	tags=32%, list=13%, signal=27%	XM_067131155.1/XM_067134477.1/XM_067098243.1/XM_067087890.1/XM_067123372.1/XM_067126818.1
map04810	map04810	11	-0.283245085910982	-0.750255412099564	0.798941798941799	0.973371497961662	0.925446585498354	3880	tags=36%, list=21%, signal=29%	XM_067082077.1/XM_067116297.1/XM_067110839.1/XM_067110139.1
map04120	map04120	34	0.241258447793647	0.779320335347534	0.803116147308782	0.973371497961662	0.925446585498354	6448	tags=35%, list=35%, signal=23%	XM_067123808.1/XM_067114469.1/XM_067127553.1/XM_067128510.1/XM_067112273.1/XM_067083643.1/XM_067112609.1/XM_067091092.1/XM_067093132.1/XM_067134233.1/XM_067115296.1/XM_067125883.1
map03013	map03013	32	-0.218283064200889	-0.791732785579924	0.813504823151125	0.973371497961662	0.925446585498354	4474	tags=41%, list=25%, signal=31%	XM_067100741.1/XM_067119457.1/XM_067094304.1/XM_067130249.1/XM_067129433.1/JP354503.1/XM_067100740.1/XM_067088372.1/XM_067096943.1/XM_067130350.1/XM_067132792.1/XM_067129436.1/XM_067093435.1
map04820	map04820	15	0.27711983107675	0.739296097898964	0.816666666666667	0.973371497961662	0.925446585498354	1082	tags=13%, list=6%, signal=13%	XM_067094945.1/XM_067115698.1
map04152	map04152	27	-0.222342052999444	-0.779815643653769	0.820809248554913	0.973371497961662	0.925446585498354	5380	tags=44%, list=30%, signal=31%	XM_067123947.1/XM_067086913.1/XM_067089424.1/XM_067123952.1/XM_067094346.1/XM_067094793.1/XM_067083378.1/XM_067116297.1/XM_067083382.1/XM_067116106.1/XM_067083380.1/XM_067099926.1
map00983	map00983	23	-0.226971717745593	-0.752592990077003	0.825581395348837	0.973371497961662	0.925446585498354	5509	tags=43%, list=30%, signal=30%	XM_067116156.1/XM_067094502.1/XM_067116153.1/XM_067095122.1/XM_067095123.1/XM_067132162.1/XM_067095120.1/XM_067116149.1/XM_067116146.1/XM_067095121.1
map04013	map04013	13	-0.256153137555264	-0.723722707170444	0.845070422535211	0.973371497961662	0.925446585498354	5643	tags=62%, list=31%, signal=42%	XM_067115481.1/XM_067129306.1/XM_067114938.1/XM_067114157.1/XM_067116866.1/EU077526.1/XM_067115483.1/XM_067110139.1
map03460	map03460	19	0.253699993626002	0.721861825189962	0.849544072948328	0.973371497961662	0.925446585498354	2699	tags=16%, list=15%, signal=13%	XM_067093638.1/XM_067097439.1/XM_067127123.1
map04062	map04062	10	-0.270793618309209	-0.701085350569577	0.856020942408377	0.973371497961662	0.925446585498354	4007	tags=40%, list=22%, signal=31%	XM_067107746.1/XM_067081040.1/XM_067116297.1/XM_067110139.1
map04931	map04931	20	0.248408526508489	0.71066239045183	0.856259659969088	0.973371497961662	0.925446585498354	3617	tags=30%, list=20%, signal=24%	XM_067097582.1/XM_067093687.1/XM_067089421.1/XM_067124815.1/XM_067093675.1/XM_067093698.1
map05170	map05170	13	-0.252151222667719	-0.712415890069073	0.859154929577465	0.973371497961662	0.925446585498354	3134	tags=23%, list=17%, signal=19%	XM_067104324.1/XM_067116297.1/XM_067099926.1
map03015	map03015	16	0.256638710140483	0.694108892275465	0.861111111111111	0.973371497961662	0.925446585498354	6781	tags=44%, list=37%, signal=27%	XM_067130248.1/EL609801.1/XM_067101013.1/XM_067111856.1/XM_067118303.1/XM_067085979.1/XM_067132436.1
map05171	map05171	12	0.27350886553403	0.684247014469046	0.863636363636364	0.973371497961662	0.925446585498354	4086	tags=25%, list=22%, signal=19%	XM_067099183.1/XM_067107760.1/EL609714.1
map04212	map04212	13	-0.249431850614473	-0.704732707567534	0.864788732394366	0.973371497961662	0.925446585498354	3788	tags=31%, list=21%, signal=24%	XM_067132162.1/EU077526.1/XM_067116297.1/XM_067099926.1
map05417	map05417	15	0.258947772756579	0.690816955303159	0.86969696969697	0.973371497961662	0.925446585498354	3524	tags=20%, list=19%, signal=16%	XM_067099183.1/XM_067113178.1/XM_067107609.1
map05016	map05016	28	-0.209346324886899	-0.741896278908252	0.876080691642651	0.973371497961662	0.925446585498354	1668	tags=14%, list=9%, signal=13%	JP355486.1/XM_067128319.1/XM_067101362.1/XM_067113717.1
map05135	map05135	10	-0.261614209117633	-0.677319837367013	0.87696335078534	0.973371497961662	0.925446585498354	4007	tags=40%, list=22%, signal=31%	XM_067107746.1/XM_067116297.1/XM_067103418.1/XM_067110839.1
map05206	map05206	16	-0.232727190144326	-0.695093452249401	0.887005649717514	0.973371497961662	0.925446585498354	1880	tags=38%, list=10%, signal=34%	XM_067094793.1/XM_067116297.1/XM_067083465.1/JP355486.1/XM_067109332.1/XM_067110139.1
map04519	map04519	20	0.231709826472773	0.662889722373085	0.908809891808346	0.973371497961662	0.925446585498354	2619	tags=20%, list=14%, signal=17%	XM_067105329.1/XM_067115698.1/XM_067105348.1/XM_067099183.1
map01110	map01110	73	0.198493230942742	0.736633989418331	0.911111111111111	0.973371497961662	0.925446585498354	4631	tags=26%, list=25%, signal=19%	XM_067133125.1/XM_067116320.1/XM_067114604.1/XM_067084267.1/XM_067101272.1/XM_067093687.1/XM_067122308.1/XM_067117876.1/XM_067089421.1/XM_067118631.1/XM_067093675.1/JP355682.1/XM_067093698.1/XM_067121370.1/XM_067083690.1/XM_067099351.1/XM_067123763.1/XM_067089427.1/GH624839.1
map03010	map03010	18	0.233107650937627	0.646848419196528	0.914330218068536	0.973371497961662	0.925446585498354	4149	tags=22%, list=23%, signal=17%	XM_067097624.1/XM_067107760.1/EL609714.1/XM_067091080.1
map04814	map04814	16	-0.22065464640091	-0.659036014771474	0.918079096045198	0.973371497961662	0.925446585498354	2087	tags=38%, list=11%, signal=33%	XM_067087299.1/XM_067081912.1/XM_067091957.1/XM_067126478.1/XM_067098118.1/XM_067098114.1
map04140	map04140	40	0.203811805737399	0.679149535035909	0.930397727272727	0.973371497961662	0.925446585498354	4593	tags=22%, list=25%, signal=17%	XM_067086608.1/XM_067086609.1/XM_067116229.1/XM_067113178.1/XM_067086625.1/XM_067103297.1/XM_067099254.1/XM_067088959.1/XM_067095429.1
map04144	map04144	40	0.195100227150456	0.650120477934209	0.946022727272727	0.973371497961662	0.925446585498354	3368	tags=15%, list=19%, signal=12%	XM_067126876.1/XM_067088879.1/XM_067126663.1/XM_067098539.1/XM_067128237.1/XM_067098538.1
map05166	map05166	13	-0.219289563400418	-0.619570144613728	0.949295774647887	0.973371497961662	0.925446585498354	14212	tags=100%, list=78%, signal=22%	XM_067083643.1/XM_067093132.1/XM_067103022.1/XM_067129236.1/XM_067096121.1/XM_067086523.1/XM_067116781.1/XM_067092541.1/XM_067096145.1/XM_067131155.1/XM_067116297.1/JP355486.1
map03082	map03082	21	0.211602077598898	0.612724371572229	0.951219512195122	0.973371497961662	0.925446585498354	3375	tags=19%, list=19%, signal=16%	XM_067082608.1/XM_067107647.1/XM_067081400.1/XM_067104156.1
map04110	map04110	26	0.203348580298684	0.611966456350236	0.957120980091884	0.973371497961662	0.925446585498354	6105	tags=35%, list=34%, signal=23%	XM_067093546.1/XM_067127208.1/XM_067134476.1/XM_067128510.1/XM_067083643.1/XM_067089712.1/XM_067093132.1/XM_067134480.1/XM_067093547.1
map01200	map01200	11	-0.220365075874203	-0.583699767572707	0.957671957671958	0.973371497961662	0.925446585498354	14192	tags=36%, list=78%, signal=8%	XM_067127212.1/XM_067123764.1/XM_067115588.1/XM_067132639.1
map04156	map04156	11	-0.16018973403142	-0.4243082083254	0.994708994708995	0.997101449275362	0.948008169090327	3798	tags=45%, list=21%, signal=36%	XM_067088755.1/EL696169.1/XM_067094793.1/XM_067125781.1/XM_067125778.1
map05131	map05131	24	-0.167684213844406	-0.564395008331061	0.997101449275362	0.997101449275362	0.948008169090327	4007	tags=25%, list=22%, signal=20%	XM_067107746.1/XM_067094793.1/XM_067101696.1/XM_067116297.1/XM_067110839.1/XM_067099926.1
