taxon	n_methods	mean_rank	rank_std	rank_range	top5_fraction	sign_stable	pseudocount_stable	stability_score
Moraxella osloensis	11	25.18	52.52	173.0	0.727	True	False	0.1599
Cutibacterium acnes	11	37.27	64.07	178.0	0.636	True	False	0.135
Exiguobacterium aestuarii	11	40.36	61.67	177.0	0.455	True	False	0.1395
Jiulongibacter sediminis	11	42.18	62.93	169.0	0.545	True	False	0.1371
Endothiovibrio diazotrophicus	11	61.0	78.5	179.0	0.545	False	False	0.113
Citrobacter bitternis	11	65.64	49.06	122.0	0.182	False	False	0.1693
Enterobacter asburiae	11	65.82	47.45	119.0	0.273	False	False	0.1741
Dyadobacter sediminis	11	65.82	48.12	121.0	0.0	False	False	0.172
Pseudoalteromonas peptidolytica	11	66.91	38.28	109.0	0.0	False	False	0.2071
Flavobacterium jumunjinense	11	67.18	77.04	170.0	0.182	False	False	0.1149
Flavobacterium phocarum	11	67.36	45.27	113.0	0.0	False	False	0.1809
Fluviimonas pallidilutea	11	67.73	43.04	105.0	0.0	False	False	0.1885
Insectihabitans xujianqingii	11	67.73	47.28	117.0	0.0	False	False	0.1746
Pseudoalteromonas translucida	11	67.73	38.02	119.0	0.0	False	False	0.2083
Buchnera aphidicola	11	68.45	48.19	122.0	0.091	False	False	0.1719
Klebsiella quasipneumoniae	11	68.45	43.52	113.0	0.0	False	False	0.1869
Klebsiella quasivariicola	11	68.91	44.37	113.0	0.0	False	False	0.1839
Peptoniphilus faecalis	11	69.09	41.75	121.0	0.0	False	False	0.1932
Haliea alexandrii	11	69.27	45.87	112.0	0.0	False	False	0.179
Pseudoalteromonas telluritireducens	11	69.36	35.6	105.0	0.0	False	False	0.2193
Cyclobacterium qasimii	11	69.55	47.31	121.0	0.0	False	False	0.1745
Pseudoalteromonas arabiensis	11	69.73	38.87	108.0	0.0	False	False	0.2046
Haloferula luteola	11	69.91	40.5	107.0	0.0	False	False	0.198
Citrobacter koseri	11	70.0	70.9	168.0	0.182	True	False	0.1236
Agarivorans gilvus	11	70.09	51.59	123.0	0.182	False	False	0.1624
Pelagerythrobacter marensis	11	70.18	43.54	120.0	0.0	False	False	0.1868
Phaeocystidibacter luteus	11	70.18	42.13	121.0	0.0	False	False	0.1918
Pseudoalteromonas luteoviolacea	11	70.45	41.21	110.0	0.0	False	False	0.1953
Mangrovibacter plantisponsor	11	71.27	36.47	97.0	0.0	False	False	0.2152
Pontibacter roseus	11	71.64	41.92	122.0	0.0	False	False	0.1926
Novispirillum itersonii	11	72.55	38.36	96.0	0.0	False	False	0.2068
Pseudoalteromonas phenolica	11	72.73	80.29	185.0	0.273	False	False	0.1107
Phytobacter diazotrophicus	11	72.91	42.54	121.0	0.0	False	False	0.1903
Paracoccus salipaludis	11	72.91	43.42	120.0	0.0	False	False	0.1872
Arcticibacterium luteifluviistationis	11	73.27	78.8	175.0	0.182	False	False	0.1126
Kytococcus sedentarius	11	73.91	42.86	117.0	0.0	False	False	0.1892
Methylotenera mobilis	11	74.18	42.37	130.0	0.0	False	False	0.1909
Maribius pelagius	11	74.73	39.08	116.0	0.0	False	False	0.2038
Pseudoalteromonas xiamenensis	11	74.82	41.56	115.0	0.0	False	False	0.194
Pseudomonas oryzihabitans	11	75.18	80.63	186.0	0.182	False	False	0.1103
Pseudomonas alkylphenolica	11	75.27	76.66	174.0	0.0	False	False	0.1154
Pseudomonas azotoformans	11	75.64	77.3	174.0	0.0	False	False	0.1146
Emticicia soli	11	76.18	61.15	154.0	0.0	False	False	0.1405
Mesorhizobium septentrionale	11	76.45	43.75	127.0	0.0	False	False	0.186
Massilia arenae	11	77.27	77.02	170.0	0.0	False	False	0.1149
Franconibacter helveticus	11	78.0	50.03	159.0	0.0	False	False	0.1666
Flavobacterium silvisoli	11	78.18	48.2	149.0	0.0	False	False	0.1718
Alcanivorax jadensis	11	79.27	53.47	127.0	0.273	False	False	0.1576
Kluyvera ascorbata	11	80.09	47.64	151.0	0.0	False	False	0.1735
Methylococcus capsulatus	11	80.18	47.32	151.0	0.0	False	False	0.1744
Pantoea agglomerans	11	80.45	49.06	149.0	0.0	False	False	0.1693
Cutibacterium namnetense	11	80.82	74.85	177.0	0.0	False	False	0.1179
Aeromonas dhakensis	11	81.09	74.85	176.0	0.0	False	False	0.1179
Thiohalospira halophila	11	81.18	81.13	176.0	0.0	False	False	0.1097
Pantoea dispersa	11	82.0	60.36	153.0	0.0	False	False	0.1421
Phaeodactylibacter luteus	11	82.73	59.62	154.0	0.0	False	False	0.1436
Pectobacterium polaris	11	82.73	60.45	155.0	0.0	False	False	0.1419
Pseudoalteromonas fenneropenaei	11	82.91	48.92	149.0	0.0	False	False	0.1697
Proteus faecis	11	83.0	60.25	154.0	0.0	False	False	0.1423
Pseudomonas arcuscaelestis	11	83.18	47.69	144.0	0.0	False	False	0.1734
Cupriavidus necator	11	83.27	70.86	156.0	0.0	False	False	0.1237
Rahnella inusitata	11	83.36	70.19	171.0	0.0	False	False	0.1247
Phycisphaera mikurensis	11	83.64	48.41	145.0	0.0	False	False	0.1712
Aeromonas lusitana	11	84.82	69.04	160.0	0.0	False	False	0.1265
Massilia terrae	11	85.18	72.64	164.0	0.0	False	False	0.121
Shewanella maritima	11	86.64	50.07	142.0	0.0	False	False	0.1665
Hansschlegelia beijingensis	11	86.91	48.87	134.0	0.0	False	False	0.1699
Massilia niastensis	11	87.0	69.24	162.0	0.0	False	False	0.1262
Siccibacter turicensis	11	88.36	49.01	142.0	0.0	False	False	0.1695
Pseudomonas aeruginosa	11	88.82	73.17	162.0	0.0	False	False	0.1202
Pseudomonas saponiphila	11	89.73	40.36	119.0	0.0	False	False	0.1986
Klebsiella variicola	11	91.09	67.4	172.0	0.091	True	False	0.1292
Entomomonas moraniae	11	91.64	47.74	136.0	0.0	False	False	0.1732
Salipiger aestuarii	11	91.73	59.61	171.0	0.0	False	False	0.1437
Pseudomonas marincola	11	92.09	69.15	156.0	0.0	False	False	0.1263
Stutzerimonas stutzeri	11	92.18	80.14	178.0	0.0	False	False	0.1109
Serratia ficaria	11	92.27	49.4	133.0	0.0	False	False	0.1683
Brevundimonas aurantiaca	11	92.27	61.55	159.0	0.0	False	False	0.1398
Brevundimonas kwangchunensis	11	92.36	50.55	154.0	0.0	False	False	0.1652
Exiguobacterium undae	11	92.45	47.73	133.0	0.0	False	False	0.1732
Citrobacter freundii	11	92.45	57.08	140.0	0.0	False	False	0.1491
Ruegeria pomeroyi	11	92.64	58.64	167.0	0.0	False	False	0.1457
Flavobacterium xanthum	11	92.64	45.75	142.0	0.0	False	False	0.1794
Halopseudomonas pelagia	11	92.73	45.57	138.0	0.0	False	False	0.1799
Gemmata massiliana	11	92.73	49.64	137.0	0.0	False	False	0.1677
Azotobacter nigricans	11	93.18	49.12	159.0	0.0	False	False	0.1691
Massilia agri	11	93.36	54.27	139.0	0.0	False	False	0.1556
Thalassotalea marina	11	93.55	50.99	137.0	0.0	False	False	0.1639
Serratia ureilytica	11	93.64	50.53	136.0	0.0	False	False	0.1652
Raoultella electrica	11	93.64	56.75	171.0	0.0	False	False	0.1498
Stutzerimonas kunmingensis	11	93.91	49.45	133.0	0.0	False	False	0.1682
Lysobacter brunescens	11	94.18	60.73	157.0	0.0	False	False	0.1414
Flavobacterium luticocti	11	94.18	48.14	138.0	0.0	False	False	0.172
Ralstonia pickettii	11	94.36	56.51	167.0	0.0	False	False	0.1504
Enterobacter cloacae	11	94.36	46.1	137.0	0.0	False	False	0.1782
Acinetobacter chinensis	11	94.45	48.35	141.0	0.0	False	False	0.1714
Flavobacterium enshiense	11	94.45	44.76	136.0	0.0	False	False	0.1826
Trabulsiella guamensis	11	94.73	51.18	141.0	0.0	False	False	0.1635
Roseibium sediminis	11	94.82	71.98	158.0	0.0	False	False	0.122
Flavobacterium caeni	11	94.82	44.49	137.0	0.0	False	False	0.1835
Kosakonia arachidis	11	95.55	49.33	139.0	0.0	False	False	0.1685
Rhizorhapis suberifaciens	11	95.55	48.71	138.0	0.0	False	False	0.1703
Flavobacterium dongtanense	11	95.91	47.44	140.0	0.0	False	False	0.1741
Sphingomonas koreensis	11	96.0	48.98	136.0	0.0	False	False	0.1696
Thiomicrorhabdus heinhorstiae	11	96.36	49.63	137.0	0.0	False	False	0.1677
Runella soli	11	96.64	53.15	137.0	0.0	False	False	0.1584
Cupriavidus yeoncheonensis	11	96.91	45.21	137.0	0.0	False	False	0.1811
Flavobacterium palustre	11	97.09	49.46	130.0	0.0	False	False	0.1682
Luteimonas abyssi	11	97.36	52.15	137.0	0.0	False	False	0.1609
Brenneria rubrifaciens	11	97.45	45.26	153.0	0.0	False	False	0.181
Massilia yuzhufengensis	11	97.64	51.3	128.0	0.0	False	False	0.1631
Vibrio cholerae	11	97.82	51.86	145.0	0.0	False	False	0.1617
Yersinia rochesterensis	11	98.91	53.93	150.0	0.0	False	False	0.1564
Exiguobacterium marinum	11	99.27	48.19	121.0	0.0	False	False	0.1718
Luminiphilus syltensis	11	99.27	53.89	139.0	0.0	False	False	0.1565
Cupriavidus plantarum	11	99.45	38.15	138.0	0.0	False	False	0.2077
Shewanella litorisediminis	11	99.45	51.73	145.0	0.0	False	False	0.162
Methylovulum psychrotolerans	11	100.09	53.16	139.0	0.0	False	False	0.1583
Pseudomonas savastanoi	11	100.55	57.12	139.0	0.0	False	False	0.149
Exiguobacterium alkaliphilum	11	100.64	47.12	111.0	0.0	False	False	0.1751
Massilia norwichensis	11	100.82	55.76	144.0	0.0	False	False	0.1521
Vibrio litoralis	11	100.82	52.9	145.0	0.0	False	False	0.159
Paraburkholderia pallida	11	100.82	50.61	126.0	0.0	False	False	0.165
Entomohabitans teleogrylli	11	101.0	38.62	144.0	0.0	False	False	0.2057
Moritella profunda	11	101.0	50.98	135.0	0.0	False	False	0.164
Brachybacterium aquaticum	11	101.09	30.29	100.0	0.0	False	False	0.2482
Azomonas agilis	11	101.18	49.53	148.0	0.0	False	False	0.168
Pseudomonas guangdongensis	11	101.73	58.01	142.0	0.0	False	False	0.147
Flavobacterium haoranii	11	101.91	64.62	180.0	0.0	True	False	0.134
Erwinia piriflorinigrans	11	101.91	69.46	174.0	0.0	True	False	0.1258
Mariniblastus fucicola	11	102.0	65.11	182.0	0.0	True	False	0.1331
Acinetobacter indicus	11	102.45	34.24	109.0	0.0	False	False	0.226
Pseudomonas alloputida	11	102.55	52.05	133.0	0.0	False	False	0.1612
Massilia rhizosphaerae	11	102.55	55.83	145.0	0.0	False	False	0.1519
Limnoglobus roseus	11	102.73	53.02	139.0	0.0	False	False	0.1587
Massilia haematophila	11	103.55	44.61	106.0	0.0	False	False	0.1831
Massilia arvi	11	103.55	55.91	144.0	0.0	False	False	0.1517
Pseudomonas zeshuii	11	104.09	56.57	140.0	0.0	False	False	0.1502
Pantoea alhagi	11	104.18	53.19	134.0	0.0	False	False	0.1582
Pseudomonas viridiflava	11	104.18	57.47	138.0	0.0	False	False	0.1482
Massilia pinisoli	11	104.27	53.57	143.0	0.0	False	False	0.1573
Vibrio pelagius	11	105.0	53.36	145.0	0.0	False	False	0.1578
Anatilimnocola aggregata	11	105.36	40.77	131.0	0.0	False	False	0.197
Janibacter endophyticus	11	105.45	31.01	112.0	0.0	False	False	0.2439
Unknown	11	106.82	69.17	175.0	0.0	True	False	0.1263
Pseudomonas bijieensis	11	107.18	44.07	102.0	0.0	False	False	0.185
Lewinella cohaerens	11	107.27	29.23	109.0	0.0	False	False	0.2549
Massilia alkalitolerans	11	107.82	28.15	106.0	0.0	False	False	0.2621
Pseudomonas humi	11	108.0	46.88	111.0	0.0	False	False	0.1758
Pseudomonas oleovorans	11	108.09	45.26	108.0	0.0	False	False	0.1809
Moraxella atlantae	11	109.18	28.63	104.0	0.0	False	False	0.2589
Pseudomonas mendocina	11	109.36	43.18	101.0	0.0	False	False	0.188
Moraxella lacunata	11	110.64	26.49	91.0	0.0	False	False	0.2741
Pseudomonas delhiensis	11	112.27	33.59	111.0	0.0	False	False	0.2294
Pseudomonas caricapapayae	11	113.91	32.2	110.0	0.0	False	False	0.2369
Pseudomonas fluvialis	11	114.64	33.61	111.0	0.0	False	False	0.2293
Providencia stuartii	11	114.91	62.18	179.0	0.0	False	False	0.1385
Pseudomonas massiliensis	11	115.36	33.56	115.0	0.0	False	False	0.2296
Pseudomonas mediterranea	11	115.45	49.08	140.0	0.0	False	False	0.1693
Pseudomonas tolaasii	11	116.18	51.63	138.0	0.0	False	False	0.1623
Pseudomonas seleniipraecipitans	11	116.73	33.96	105.0	0.0	False	False	0.2275
Pseudomonas luteola	11	117.27	33.51	111.0	0.0	False	False	0.2299
Cronobacter muytjensii	11	118.18	67.59	174.0	0.0	True	False	0.1289
Salinirepens amamiensis	11	118.18	36.63	113.0	0.0	False	False	0.2144
Pseudomonas oryzae	11	118.18	52.46	139.0	0.0	False	False	0.1601
Marivita roseacus	11	118.36	64.92	172.0	0.0	True	False	0.1335
Pseudomonas extremorientalis	11	118.45	53.71	141.0	0.0	False	False	0.157
Pseudomonas syringae	11	118.64	33.78	107.0	0.0	False	False	0.2284
Pseudomonas duriflava	11	118.73	50.86	129.0	0.0	False	False	0.1643
Pseudomonas mucidolens	11	119.0	34.82	114.0	0.0	False	False	0.2231
Pseudomonas schmalbachii	11	119.55	34.03	109.0	0.0	False	False	0.2271
Pseudomonas carbonaria	11	119.55	49.87	139.0	0.0	False	False	0.167
Pseudomonas tarimensis	11	119.73	50.61	124.0	0.0	False	False	0.165
Pseudomonas frederiksbergensis	11	120.27	50.57	139.0	0.0	False	False	0.1651
Pseudomonas psychrophila	11	120.55	56.66	144.0	0.0	False	False	0.15
Pseudomonas phenolilytica	11	122.0	53.27	138.0	0.0	False	False	0.158
Pseudomonas pharmacofabricae	11	122.55	53.18	140.0	0.0	False	False	0.1583
Pseudomonas putida	11	124.0	52.21	130.0	0.0	False	False	0.1608
Pseudomonas alcaligenes	11	129.09	55.07	177.0	0.0	False	False	0.1537
Rahnella bonaserana	11	131.55	49.21	139.0	0.0	False	False	0.1689
Tatumella terrea	11	132.55	54.23	137.0	0.0	False	False	0.1557
Vineibacter terrae	11	135.55	52.99	140.0	0.0	False	False	0.1588
Yersinia ruckeri	11	137.36	53.42	140.0	0.0	False	False	0.1577
Pseudomonas tianjinensis	11	138.0	53.84	176.0	0.0	False	False	0.1566
Leclercia pneumoniae	11	143.36	56.48	177.0	0.0	False	False	0.1504
Pectobacterium cacticida	11	147.18	54.18	175.0	0.0	False	False	0.1558
Mucilaginibacter koreensis	11	155.73	54.45	173.0	0.0	False	False	0.1552
Kluyvera georgiana	11	155.91	54.89	169.0	0.0	False	False	0.1541
Enterobacter mori	11	157.18	50.86	168.0	0.0	False	False	0.1643
Pluralibacter pyrinus	11	160.0	51.01	171.0	0.0	False	False	0.1639
Rahnella aceris	11	163.55	50.3	170.0	0.0	False	False	0.1658
